Countrycode,Namespace,AirQualityNetwork,AirQualityStation,AirQualityStationEoICode,SamplingPoint,SamplingProcess,Sample,AirPollutant,AirPollutantCode,AveragingTime,Concentration,UnitOfMeasurement,DatetimeBegin,DatetimeEnd,Validity,Verification
AT,AT.0008.20.AQ,NET.09,STA.09.AKC,,SPO.09.AKC.55370.5.1,SPP.09.AKC.55370.5.1.5258,SAM.09.AKC.55370.5.1,PM10,http://dd.eionet.europa.eu/vocabulary/aq/pollutant/5,day,9.1530065500,µg/m3,2013-10-18 00:00:00 +01:00,2013-10-19 00:00:00 +01:00,1,1
AT,AT.0008.20.AQ,NET.09,STA.09.AKC,,SPO.09.AKC.55370.5.1,SPP.09.AKC.55370.5.1.5258,SAM.09.AKC.55370.5.1,PM10,http://dd.eionet.europa.eu/vocabulary/aq/pollutant/5,day,7.3039970300,µg/m3,2013-01-04 00:00:00 +01:00,2013-01-05 00:00:00 +01:00,1,1
AT,AT.0008.20.AQ,NET.09,STA.09.AKC,,SPO.09.AKC.55370.5.1,SPP.09.AKC.55370.5.1.5258,SAM.09.AKC.55370.5.1,PM10,http://dd.eionet.europa.eu/vocabulary/aq/pollutant/5,day,20.1279907200,µg/m3,2013-01-10 00:00:00 +01:00,2013-01-11 00:00:00 +01:00,1,1
AT,AT.0008.20.AQ,NET.09,STA.09.AKC,,SPO.09.AKC.55370.5.1,SPP.09.AKC.55370.5.1.5258,SAM.09.AKC.55370.5.1,PM10,http://dd.eionet.europa.eu/vocabulary/aq/pollutant/5,day,13.1990003500,µg/m3,2013-01-12 00:00:00 +01:00,2013-01-13 00:00:00 +01:00,1,1
AT,AT.0008.20.AQ,NET.09,STA.09.AKC,,SPO.09.AKC.55370.5.1,SPP.09.AKC.55370.5.1.5258,SAM.09.AKC.55370.5.1,PM10,http://dd.eionet.europa.eu/vocabulary/aq/pollutant/5,day,39.7430191000,µg/m3,2013-01-15 00:00:00 +01:00,2013-01-16 00:00:00 +01:00,1,1
AT,AT.0008.20.AQ,NET.09,STA.09.AKC,,SPO.09.AKC.55370.5.1,SPP.09.AKC.55370.5.1.5258,SAM.09.AKC.55370.5.1,PM10,http://dd.eionet.europa.eu/vocabulary/aq/pollutant/5,day,31.7419795900,µg/m3,2013-01-13 00:00:00 +01:00,2013-01-14 00:00:00 +01:00,1,1
AT,AT.0008.20.AQ,NET.09,STA.09.AKC,,SPO.09.AKC.55370.5.1,SPP.09.AKC.55370.5.1.5258,SAM.09.AKC.55370.5.1,PM10,http://dd.eionet.europa.eu/vocabulary/aq/pollutant/5,day,9.5109949100,µg/m3,2013-01-11 00:00:00 +01:00,2013-01-12 00:00:00 +01:00,1,1
AT,AT.0008.20.AQ,NET.09,STA.09.AKC,,SPO.09.AKC.55370.5.1,SPP.09.AKC.55370.5.1.5258,SAM.09.AKC.55370.5.1,PM10,http://dd.eionet.europa.eu/vocabulary/aq/pollutant/5,day,64.6669998100,µg/m3,2013-01-23 00:00:00 +01:00,2013-01-24 00:00:00 +01:00,1,1
AT,AT.0008.20.AQ,NET.09,STA.09.AKC,,SPO.09.AKC.55370.5.1,SPP.09.AKC.55370.5.1.5258,SAM.09.AKC.55370.5.1,PM10,http://dd.eionet.europa.eu/vocabulary/aq/pollutant/5,day,29.7819900500,µg/m3,2013-01-18 00:00:00 +01:00,2013-01-19 00:00:00 +01:00,1,1
AT,AT.0008.20.AQ,NET.09,STA.09.AKC,,SPO.09.AKC.55370.5.1,SPP.09.AKC.55370.5.1.5258,SAM.09.AKC.55370.5.1,PM10,http://dd.eionet.europa.eu/vocabulary/aq/pollutant/5,day,72.9299926700,µg/m3,2013-01-25 00:00:00 +01:00,2013-01-26 00:00:00 +01:00,1,1
AT,AT.0008.20.AQ,NET.09,STA.09.AKC,,SPO.09.AKC.55370.5.1,SPP.09.AKC.55370.5.1.5258,SAM.09.AKC.55370.5.1,PM10,http://dd.eionet.europa.eu/vocabulary/aq/pollutant/5,day,18.1919994300,µg/m3,2013-02-02 00:00:00 +01:00,2013-02-03 00:00:00 +01:00,1,1
AT,AT.0008.20.AQ,NET.09,STA.09.AKC,,SPO.09.AKC.55370.5.1,SPP.09.AKC.55370.5.1.5258,SAM.09.AKC.55370.5.1,PM10,http://dd.eionet.europa.eu/vocabulary/aq/pollutant/5,day,38.9969787500,µg/m3,2013-03-29 00:00:00 +01:00,2013-03-30 00:00:00 +01:00,1,1
AT,AT.0008.20.AQ,NET.09,STA.09.AKC,,SPO.09.AKC.55370.5.1,SPP.09.AKC.55370.5.1.5258,SAM.09.AKC.55370.5.1,PM10,http://dd.eionet.europa.eu/vocabulary/aq/pollutant/5,day,26.0689792600,µg/m3,2013-04-01 00:00:00 +01:00,2013-04-02 00:00:00 +01:00,1,1
AT,AT.0008.20.AQ,NET.09,STA.09.AKC,,SPO.09.AKC.55370.5.1,SPP.09.AKC.55370.5.1.5258,SAM.09.AKC.55370.5.1,PM10,http://dd.eionet.europa.eu/vocabulary/aq/pollutant/5,day,33.7010192800,µg/m3,2013-03-23 00:00:00 +01:00,2013-03-24 00:00:00 +01:00,1,1
AT,AT.0008.20.AQ,NET.09,STA.09.AKC,,SPO.09.AKC.55370.5.1,SPP.09.AKC.55370.5.1.5258,SAM.09.AKC.55370.5.1,PM10,http://dd.eionet.europa.eu/vocabulary/aq/pollutant/5,day,51.8600082300,µg/m3,2013-03-12 00:00:00 +01:00,2013-03-13 00:00:00 +01:00,1,1
AT,AT.0008.20.AQ,NET.09,STA.09.AKC,,SPO.09.AKC.55370.5.1,SPP.09.AKC.55370.5.1.5258,SAM.09.AKC.55370.5.1,PM10,http://dd.eionet.europa.eu/vocabulary/aq/pollutant/5,day,20.3740100800,µg/m3,2013-10-28 00:00:00 +01:00,2013-10-29 00:00:00 +01:00,1,1
AT,AT.0008.20.AQ,NET.09,STA.09.AKC,,SPO.09.AKC.55370.5.1,SPP.09.AKC.55370.5.1.5258,SAM.09.AKC.55370.5.1,PM10,http://dd.eionet.europa.eu/vocabulary/aq/pollutant/5,day,32.0560188200,µg/m3,2013-03-08 00:00:00 +01:00,2013-03-09 00:00:00 +01:00,1,1
AT,AT.0008.20.AQ,NET.09,STA.09.AKC,,SPO.09.AKC.55370.5.1,SPP.09.AKC.55370.5.1.5258,SAM.09.AKC.55370.5.1,PM10,http://dd.eionet.europa.eu/vocabulary/aq/pollutant/5,day,13.9239997800,µg/m3,2013-02-08 00:00:00 +01:00,2013-02-09 00:00:00 +01:00,1,1
AT,AT.0008.20.AQ,NET.09,STA.09.AKC,,SPO.09.AKC.55370.5.1,SPP.09.AKC.55370.5.1.5258,SAM.09.AKC.55370.5.1,PM10,http://dd.eionet.europa.eu/vocabulary/aq/pollutant/5,day,21.1979999500,µg/m3,2013-02-09 00:00:00 +01:00,2013-02-10 00:00:00 +01:00,1,1
AT,AT.0008.20.AQ,NET.09,STA.09.AKC,,SPO.09.AKC.55370.5.1,SPP.09.AKC.55370.5.1.5258,SAM.09.AKC.55370.5.1,PM10,http://dd.eionet.europa.eu/vocabulary/aq/pollutant/5,day,46.0589904700,µg/m3,2013-02-12 00:00:00 +01:00,2013-02-13 00:00:00 +01:00,1,1
AT,AT.0008.20.AQ,NET.09,STA.09.AKC,,SPO.09.AKC.55370.5.1,SPP.09.AKC.55370.5.1.5258,SAM.09.AKC.55370.5.1,PM10,http://dd.eionet.europa.eu/vocabulary/aq/pollutant/5,day,49.3149681000,µg/m3,2013-02-14 00:00:00 +01:00,2013-02-15 00:00:00 +01:00,1,1
AT,AT.0008.20.AQ,NET.09,STA.09.AKC,,SPO.09.AKC.55370.5.1,SPP.09.AKC.55370.5.1.5258,SAM.09.AKC.55370.5.1,PM10,http://dd.eionet.europa.eu/vocabulary/aq/pollutant/5,day,8.5020046200,µg/m3,2013-01-30 00:00:00 +01:00,2013-01-31 00:00:00 +01:00,1,1
AT,AT.0008.20.AQ,NET.09,STA.09.AKC,,SPO.09.AKC.55370.5.1,SPP.09.AKC.55370.5.1.5258,SAM.09.AKC.55370.5.1,PM10,http://dd.eionet.europa.eu/vocabulary/aq/pollutant/5,day,62.1989784200,µg/m3,2013-02-18 00:00:00 +01:00,2013-02-19 00:00:00 +01:00,1,1
AT,AT.0008.20.AQ,NET.09,STA.09.AKC,,SPO.09.AKC.55370.5.1,SPP.09.AKC.55370.5.1.5258,SAM.09.AKC.55370.5.1,PM10,http://dd.eionet.europa.eu/vocabulary/aq/pollutant/5,day,54.9230003300,µg/m3,2013-02-23 00:00:00 +01:00,2013-02-24 00:00:00 +01:00,1,1
AT,AT.0008.20.AQ,NET.09,STA.09.AKC,,SPO.09.AKC.55370.5.1,SPP.09.AKC.55370.5.1.5258,SAM.09.AKC.55370.5.1,PM10,http://dd.eionet.europa.eu/vocabulary/aq/pollutant/5,day,54.7519798200,µg/m3,2013-02-16 00:00:00 +01:00,2013-02-17 00:00:00 +01:00,1,1
AT,AT.0008.20.AQ,NET.09,STA.09.AKC,,SPO.09.AKC.55370.5.1,SPP.09.AKC.55370.5.1.5258,SAM.09.AKC.55370.5.1,PM10,http://dd.eionet.europa.eu/vocabulary/aq/pollutant/5,day,72.1159667900,µg/m3,2013-02-15 00:00:00 +01:00,2013-02-16 00:00:00 +01:00,1,1
AT,AT.0008.20.AQ,NET.09,STA.09.AKC,,SPO.09.AKC.55370.5.1,SPP.09.AKC.55370.5.1.5258,SAM.09.AKC.55370.5.1,PM10,http://dd.eionet.europa.eu/vocabulary/aq/pollutant/5,day,60.1609802200,µg/m3,2013-02-28 00:00:00 +01:00,2013-03-01 00:00:00 +01:00,1,1
AT,AT.0008.20.AQ,NET.09,STA.09.AKC,,SPO.09.AKC.55370.5.1,SPP.09.AKC.55370.5.1.5258,SAM.09.AKC.55370.5.1,PM10,http://dd.eionet.europa.eu/vocabulary/aq/pollutant/5,day,36.7249794000,µg/m3,2013-03-01 00:00:00 +01:00,2013-03-02 00:00:00 +01:00,1,1
AT,AT.0008.20.AQ,NET.09,STA.09.AKC,,SPO.09.AKC.55370.5.1,SPP.09.AKC.55370.5.1.5258,SAM.09.AKC.55370.5.1,PM10,http://dd.eionet.europa.eu/vocabulary/aq/pollutant/5,day,36.1850204400,µg/m3,2013-04-27 00:00:00 +01:00,2013-04-28 00:00:00 +01:00,1,1
AT,AT.0008.20.AQ,NET.09,STA.09.AKC,,SPO.09.AKC.55370.5.1,SPP.09.AKC.55370.5.1.5258,SAM.09.AKC.55370.5.1,PM10,http://dd.eionet.europa.eu/vocabulary/aq/pollutant/5,day,32.8699989300,µg/m3,2013-04-17 00:00:00 +01:00,2013-04-18 00:00:00 +01:00,1,1
AT,AT.0008.20.AQ,NET.09,STA.09.AKC,,SPO.09.AKC.55370.5.1,SPP.09.AKC.55370.5.1.5258,SAM.09.AKC.55370.5.1,PM10,http://dd.eionet.europa.eu/vocabulary/aq/pollutant/5,day,36.5649795500,µg/m3,2013-04-20 00:00:00 +01:00,2013-04-21 00:00:00 +01:00,1,1
AT,AT.0008.20.AQ,NET.09,STA.09.AKC,,SPO.09.AKC.55370.5.1,SPP.09.AKC.55370.5.1.5258,SAM.09.AKC.55370.5.1,PM10,http://dd.eionet.europa.eu/vocabulary/aq/pollutant/5,day,42.8609886100,µg/m3,2013-04-22 00:00:00 +01:00,2013-04-23 00:00:00 +01:00,1,1
AT,AT.0008.20.AQ,NET.09,STA.09.AKC,,SPO.09.AKC.55370.5.1,SPP.09.AKC.55370.5.1.5258,SAM.09.AKC.55370.5.1,PM10,http://dd.eionet.europa.eu/vocabulary/aq/pollutant/5,day,8.3250036200,µg/m3,2013-05-20 00:00:00 +01:00,2013-05-21 00:00:00 +01:00,1,1
AT,AT.0008.20.AQ,NET.09,STA.09.AKC,,SPO.09.AKC.55370.5.1,SPP.09.AKC.55370.5.1.5258,SAM.09.AKC.55370.5.1,PM10,http://dd.eionet.europa.eu/vocabulary/aq/pollutant/5,day,8.0799961000,µg/m3,2013-05-13 00:00:00 +01:00,2013-05-14 00:00:00 +01:00,1,1
AT,AT.0008.20.AQ,NET.09,STA.09.AKC,,SPO.09.AKC.55370.5.1,SPP.09.AKC.55370.5.1.5258,SAM.09.AKC.55370.5.1,PM10,http://dd.eionet.europa.eu/vocabulary/aq/pollutant/5,day,8.4830007500,µg/m3,2013-05-12 00:00:00 +01:00,2013-05-13 00:00:00 +01:00,1,1
AT,AT.0008.20.AQ,NET.09,STA.09.AKC,,SPO.09.AKC.55370.5.1,SPP.09.AKC.55370.5.1.5258,SAM.09.AKC.55370.5.1,PM10,http://dd.eionet.europa.eu/vocabulary/aq/pollutant/5,day,38.5639915400,µg/m3,2013-04-30 00:00:00 +01:00,2013-05-01 00:00:00 +01:00,1,1
AT,AT.0008.20.AQ,NET.09,STA.09.AKC,,SPO.09.AKC.55370.5.1,SPP.09.AKC.55370.5.1.5258,SAM.09.AKC.55370.5.1,PM10,http://dd.eionet.europa.eu/vocabulary/aq/pollutant/5,day,21.3010101300,µg/m3,2013-04-28 00:00:00 +01:00,2013-04-29 00:00:00 +01:00,1,1
AT,AT.0008.20.AQ,NET.09,STA.09.AKC,,SPO.09.AKC.55370.5.1,SPP.09.AKC.55370.5.1.5258,SAM.09.AKC.55370.5.1,PM10,http://dd.eionet.europa.eu/vocabulary/aq/pollutant/5,day,34.8769912700,µg/m3,2013-04-29 00:00:00 +01:00,2013-04-30 00:00:00 +01:00,1,1
AT,AT.0008.20.AQ,NET.09,STA.09.AKC,,SPO.09.AKC.55370.5.1,SPP.09.AKC.55370.5.1.5258,SAM.09.AKC.55370.5.1,PM10,http://dd.eionet.europa.eu/vocabulary/aq/pollutant/5,day,11.0629997200,µg/m3,2013-05-05 00:00:00 +01:00,2013-05-06 00:00:00 +01:00,1,1
AT,AT.0008.20.AQ,NET.09,STA.09.AKC,,SPO.09.AKC.55370.5.1,SPP.09.AKC.55370.5.1.5258,SAM.09.AKC.55370.5.1,PM10,http://dd.eionet.europa.eu/vocabulary/aq/pollutant/5,day,26.9239997800,µg/m3,2013-12-05 00:00:00 +01:00,2013-12-06 00:00:00 +01:00,1,1
AT,AT.0008.20.AQ,NET.09,STA.09.AKC,,SPO.09.AKC.55370.5.1,SPP.09.AKC.55370.5.1.5258,SAM.09.AKC.55370.5.1,PM10,http://dd.eionet.europa.eu/vocabulary/aq/pollutant/5,day,13.8850097600,µg/m3,2013-06-22 00:00:00 +01:00,2013-06-23 00:00:00 +01:00,1,1
AT,AT.0008.20.AQ,NET.09,STA.09.AKC,,SPO.09.AKC.55370.5.1,SPP.09.AKC.55370.5.1.5258,SAM.09.AKC.55370.5.1,PM10,http://dd.eionet.europa.eu/vocabulary/aq/pollutant/5,day,12.4409999800,µg/m3,2013-11-30 00:00:00 +01:00,2013-12-01 00:00:00 +01:00,1,1
AT,AT.0008.20.AQ,NET.09,STA.09.AKC,,SPO.09.AKC.55370.5.1,SPP.09.AKC.55370.5.1.5258,SAM.09.AKC.55370.5.1,PM10,http://dd.eionet.europa.eu/vocabulary/aq/pollutant/5,day,14.9879999100,µg/m3,2013-12-01 00:00:00 +01:00,2013-12-02 00:00:00 +01:00,1,1
AT,AT.0008.20.AQ,NET.09,STA.09.AKC,,SPO.09.AKC.55370.5.1,SPP.09.AKC.55370.5.1.5258,SAM.09.AKC.55370.5.1,PM10,http://dd.eionet.europa.eu/vocabulary/aq/pollutant/5,day,11.8059997500,µg/m3,2013-11-26 00:00:00 +01:00,2013-11-27 00:00:00 +01:00,1,1
AT,AT.0008.20.AQ,NET.09,STA.09.AKC,,SPO.09.AKC.55370.5.1,SPP.09.AKC.55370.5.1.5258,SAM.09.AKC.55370.5.1,PM10,http://dd.eionet.europa.eu/vocabulary/aq/pollutant/5,day,5.8150010100,µg/m3,2013-05-31 00:00:00 +01:00,2013-06-01 00:00:00 +01:00,1,1
AT,AT.0008.20.AQ,NET.09,STA.09.AKC,,SPO.09.AKC.55370.5.1,SPP.09.AKC.55370.5.1.5258,SAM.09.AKC.55370.5.1,PM10,http://dd.eionet.europa.eu/vocabulary/aq/pollutant/5,day,5.5769991800,µg/m3,2013-05-27 00:00:00 +01:00,2013-05-28 00:00:00 +01:00,1,1
AT,AT.0008.20.AQ,NET.09,STA.09.AKC,,SPO.09.AKC.55370.5.1,SPP.09.AKC.55370.5.1.5258,SAM.09.AKC.55370.5.1,PM10,http://dd.eionet.europa.eu/vocabulary/aq/pollutant/5,day,3.9069991100,µg/m3,2013-06-03 00:00:00 +01:00,2013-06-04 00:00:00 +01:00,1,1
AT,AT.0008.20.AQ,NET.09,STA.09.AKC,,SPO.09.AKC.55370.5.1,SPP.09.AKC.55370.5.1.5258,SAM.09.AKC.55370.5.1,PM10,http://dd.eionet.europa.eu/vocabulary/aq/pollutant/5,day,3.2839980100,µg/m3,2013-06-02 00:00:00 +01:00,2013-06-03 00:00:00 +01:00,1,1
AT,AT.0008.20.AQ,NET.09,STA.09.AKC,,SPO.09.AKC.55370.5.1,SPP.09.AKC.55370.5.1.5258,SAM.09.AKC.55370.5.1,PM10,http://dd.eionet.europa.eu/vocabulary/aq/pollutant/5,day,13.3529996800,µg/m3,2013-06-05 00:00:00 +01:00,2013-06-06 00:00:00 +01:00,1,1
AT,AT.0008.20.AQ,NET.09,STA.09.AKC,,SPO.09.AKC.55370.5.1,SPP.09.AKC.55370.5.1.5258,SAM.09.AKC.55370.5.1,PM10,http://dd.eionet.europa.eu/vocabulary/aq/pollutant/5,day,10.3330097100,µg/m3,2013-06-29 00:00:00 +01:00,2013-06-30 00:00:00 +01:00,1,1
AT,AT.0008.20.AQ,NET.09,STA.09.AKC,,SPO.09.AKC.55370.5.1,SPP.09.AKC.55370.5.1.5258,SAM.09.AKC.55370.5.1,PM10,http://dd.eionet.europa.eu/vocabulary/aq/pollutant/5,day,9.1199970200,µg/m3,2013-06-30 00:00:00 +01:00,2013-07-01 00:00:00 +01:00,1,1
AT,AT.0008.20.AQ,NET.09,STA.09.AKC,,SPO.09.AKC.55370.5.1,SPP.09.AKC.55370.5.1.5258,SAM.09.AKC.55370.5.1,PM10,http://dd.eionet.europa.eu/vocabulary/aq/pollutant/5,day,10.8439998600,µg/m3,2013-06-27 00:00:00 +01:00,2013-06-28 00:00:00 +01:00,1,1
AT,AT.0008.20.AQ,NET.09,STA.09.AKC,,SPO.09.AKC.55370.5.1,SPP.09.AKC.55370.5.1.5258,SAM.09.AKC.55370.5.1,PM10,http://dd.eionet.europa.eu/vocabulary/aq/pollutant/5,day,33.2719802800,µg/m3,2013-12-12 00:00:00 +01:00,2013-12-13 00:00:00 +01:00,1,1
AT,AT.0008.20.AQ,NET.09,STA.09.AKC,,SPO.09.AKC.55370.5.1,SPP.09.AKC.55370.5.1.5258,SAM.09.AKC.55370.5.1,PM10,http://dd.eionet.europa.eu/vocabulary/aq/pollutant/5,day,19.7689990900,µg/m3,2013-07-02 00:00:00 +01:00,2013-07-03 00:00:00 +01:00,1,1
AT,AT.0008.20.AQ,NET.09,STA.09.AKC,,SPO.09.AKC.55370.5.1,SPP.09.AKC.55370.5.1.5258,SAM.09.AKC.55370.5.1,PM10,http://dd.eionet.europa.eu/vocabulary/aq/pollutant/5,day,23.3079891200,µg/m3,2013-12-18 00:00:00 +01:00,2013-12-19 00:00:00 +01:00,1,1
AT,AT.0008.20.AQ,NET.09,STA.09.AKC,,SPO.09.AKC.55370.5.1,SPP.09.AKC.55370.5.1.5258,SAM.09.AKC.55370.5.1,PM10,http://dd.eionet.europa.eu/vocabulary/aq/pollutant/5,day,42.0069808900,µg/m3,2013-12-20 00:00:00 +01:00,2013-12-21 00:00:00 +01:00,1,1
AT,AT.0008.20.AQ,NET.09,STA.09.AKC,,SPO.09.AKC.55370.5.1,SPP.09.AKC.55370.5.1.5258,SAM.09.AKC.55370.5.1,PM10,http://dd.eionet.europa.eu/vocabulary/aq/pollutant/5,day,13.9060001300,µg/m3,2013-12-30 00:00:00 +01:00,2013-12-31 00:00:00 +01:00,1,1
AT,AT.0008.20.AQ,NET.09,STA.09.AKC,,SPO.09.AKC.55370.5.1,SPP.09.AKC.55370.5.1.5258,SAM.09.AKC.55370.5.1,PM10,http://dd.eionet.europa.eu/vocabulary/aq/pollutant/5,day,29.4110107400,µg/m3,2013-08-06 00:00:00 +01:00,2013-08-07 00:00:00 +01:00,1,1
AT,AT.0008.20.AQ,NET.09,STA.09.AKC,,SPO.09.AKC.55370.5.1,SPP.09.AKC.55370.5.1.5258,SAM.09.AKC.55370.5.1,PM10,http://dd.eionet.europa.eu/vocabulary/aq/pollutant/5,day,19.2310009000,µg/m3,2013-08-17 00:00:00 +01:00,2013-08-18 00:00:00 +01:00,1,1
AT,AT.0008.20.AQ,NET.09,STA.09.AKC,,SPO.09.AKC.55370.5.1,SPP.09.AKC.55370.5.1.5258,SAM.09.AKC.55370.5.1,PM10,http://dd.eionet.europa.eu/vocabulary/aq/pollutant/5,day,13.0499897000,µg/m3,2013-08-13 00:00:00 +01:00,2013-08-14 00:00:00 +01:00,1,1
AT,AT.0008.20.AQ,NET.09,STA.09.AKC,,SPO.09.AKC.55370.5.1,SPP.09.AKC.55370.5.1.5258,SAM.09.AKC.55370.5.1,PM10,http://dd.eionet.europa.eu/vocabulary/aq/pollutant/5,day,18.6930007900,µg/m3,2013-08-25 00:00:00 +01:00,2013-08-26 00:00:00 +01:00,1,1
AT,AT.0008.20.AQ,NET.09,STA.09.AKC,,SPO.09.AKC.55370.5.1,SPP.09.AKC.55370.5.1.5258,SAM.09.AKC.55370.5.1,PM10,http://dd.eionet.europa.eu/vocabulary/aq/pollutant/5,day,28.4740009300,µg/m3,2013-08-04 00:00:00 +01:00,2013-08-05 00:00:00 +01:00,1,1
AT,AT.0008.20.AQ,NET.09,STA.09.AKC,,SPO.09.AKC.55370.5.1,SPP.09.AKC.55370.5.1.5258,SAM.09.AKC.55370.5.1,PM10,http://dd.eionet.europa.eu/vocabulary/aq/pollutant/5,day,21.7630004800,µg/m3,2013-07-25 00:00:00 +01:00,2013-07-26 00:00:00 +01:00,1,1
AT,AT.0008.20.AQ,NET.09,STA.09.AKC,,SPO.09.AKC.55370.5.1,SPP.09.AKC.55370.5.1.5258,SAM.09.AKC.55370.5.1,PM10,http://dd.eionet.europa.eu/vocabulary/aq/pollutant/5,day,26.1610107400,µg/m3,2013-07-24 00:00:00 +01:00,2013-07-25 00:00:00 +01:00,1,1
AT,AT.0008.20.AQ,NET.09,STA.09.AKC,,SPO.09.AKC.55370.5.1,SPP.09.AKC.55370.5.1.5258,SAM.09.AKC.55370.5.1,PM10,http://dd.eionet.europa.eu/vocabulary/aq/pollutant/5,day,9.4410028400,µg/m3,2013-09-16 00:00:00 +01:00,2013-09-17 00:00:00 +01:00,1,1
AT,AT.0008.20.AQ,NET.09,STA.09.AKC,,SPO.09.AKC.55370.5.1,SPP.09.AKC.55370.5.1.5258,SAM.09.AKC.55370.5.1,PM10,http://dd.eionet.europa.eu/vocabulary/aq/pollutant/5,day,23.3189907000,µg/m3,2013-09-06 00:00:00 +01:00,2013-09-07 00:00:00 +01:00,1,1
AT,AT.0008.20.AQ,NET.09,STA.09.AKC,,SPO.09.AKC.55370.5.1,SPP.09.AKC.55370.5.1.5258,SAM.09.AKC.55370.5.1,PM10,http://dd.eionet.europa.eu/vocabulary/aq/pollutant/5,day,18.4190006200,µg/m3,2013-08-30 00:00:00 +01:00,2013-08-31 00:00:00 +01:00,1,1
AT,AT.0008.20.AQ,NET.09,STA.09.AKC,,SPO.09.AKC.55370.5.1,SPP.09.AKC.55370.5.1.5258,SAM.09.AKC.55370.5.1,PM10,http://dd.eionet.europa.eu/vocabulary/aq/pollutant/5,day,10.4610004400,µg/m3,2013-09-20 00:00:00 +01:00,2013-09-21 00:00:00 +01:00,1,1
AT,AT.0008.20.AQ,NET.09,STA.09.AKC,,SPO.09.AKC.55370.5.1,SPP.09.AKC.55370.5.1.5258,SAM.09.AKC.55370.5.1,PM10,http://dd.eionet.europa.eu/vocabulary/aq/pollutant/5,day,14.4390001200,µg/m3,2013-10-17 00:00:00 +01:00,2013-10-18 00:00:00 +01:00,1,1
AT,AT.0008.20.AQ,NET.09,STA.09.AKC,,SPO.09.AKC.55370.5.1,SPP.09.AKC.55370.5.1.5258,SAM.09.AKC.55370.5.1,PM10,http://dd.eionet.europa.eu/vocabulary/aq/pollutant/5,day,11.1929998300,µg/m3,2013-11-05 00:00:00 +01:00,2013-11-06 00:00:00 +01:00,1,1
AT,AT.0008.20.AQ,NET.09,STA.09.AKC,,SPO.09.AKC.55370.5.1,SPP.09.AKC.55370.5.1.5258,SAM.09.AKC.55370.5.1,PM10,http://dd.eionet.europa.eu/vocabulary/aq/pollutant/5,day,16.9810009000,µg/m3,2013-10-03 00:00:00 +01:00,2013-10-04 00:00:00 +01:00,1,1
AT,AT.0008.20.AQ,NET.09,STA.09.AKC,,SPO.09.AKC.55370.5.1,SPP.09.AKC.55370.5.1.5258,SAM.09.AKC.55370.5.1,PM10,http://dd.eionet.europa.eu/vocabulary/aq/pollutant/5,day,12.9930000300,µg/m3,2013-10-12 00:00:00 +01:00,2013-10-13 00:00:00 +01:00,1,1
AT,AT.0008.20.AQ,NET.09,STA.09.AKC,,SPO.09.AKC.55370.5.1,SPP.09.AKC.55370.5.1.5258,SAM.09.AKC.55370.5.1,PM10,http://dd.eionet.europa.eu/vocabulary/aq/pollutant/5,day,40.9770202600,µg/m3,2013-11-17 00:00:00 +01:00,2013-11-18 00:00:00 +01:00,1,1
AT,AT.0008.20.AQ,NET.09,STA.09.AKC,,SPO.09.AKC.55370.5.1,SPP.09.AKC.55370.5.1.5258,SAM.09.AKC.55370.5.1,PM10,http://dd.eionet.europa.eu/vocabulary/aq/pollutant/5,day,27.2209892200,µg/m3,2013-11-14 00:00:00 +01:00,2013-11-15 00:00:00 +01:00,1,1
AT,AT.0008.20.AQ,NET.09,STA.09.AKC,,SPO.09.AKC.55370.5.1,SPP.09.AKC.55370.5.1.5258,SAM.09.AKC.55370.5.1,PM10,http://dd.eionet.europa.eu/vocabulary/aq/pollutant/5,day,9.1619958800,µg/m3,2013-11-07 00:00:00 +01:00,2013-11-08 00:00:00 +01:00,1,1
AT,AT.0008.20.AQ,NET.09,STA.09.AKC,,SPO.09.AKC.55370.5.1,SPP.09.AKC.55370.5.1.5258,SAM.09.AKC.55370.5.1,PM10,http://dd.eionet.europa.eu/vocabulary/aq/pollutant/5,day,5.7510027800,µg/m3,2013-12-09 00:00:00 +01:00,2013-12-10 00:00:00 +01:00,1,1
AT,AT.0008.20.AQ,NET.09,STA.09.AKC,,SPO.09.AKC.55370.5.1,SPP.09.AKC.55370.5.1.5258,SAM.09.AKC.55370.5.1,PM10,http://dd.eionet.europa.eu/vocabulary/aq/pollutant/5,day,12.8770103400,µg/m3,2013-12-25 00:00:00 +01:00,2013-12-26 00:00:00 +01:00,1,1
AT,AT.0008.20.AQ,NET.09,STA.09.AKC,,SPO.09.AKC.55370.5.1,SPP.09.AKC.55370.5.1.5258,SAM.09.AKC.55370.5.1,PM10,http://dd.eionet.europa.eu/vocabulary/aq/pollutant/5,day,28.7860107400,µg/m3,2013-11-13 00:00:00 +01:00,2013-11-14 00:00:00 +01:00,1,1
AT,AT.0008.20.AQ,NET.09,STA.09.AKC,,SPO.09.AKC.55370.5.1,SPP.09.AKC.55370.5.1.5258,SAM.09.AKC.55370.5.1,PM10,http://dd.eionet.europa.eu/vocabulary/aq/pollutant/5,day,16.9200000700,µg/m3,2013-05-10 00:00:00 +01:00,2013-05-11 00:00:00 +01:00,1,1
AT,AT.0008.20.AQ,NET.09,STA.09.AKC,,SPO.09.AKC.55370.5.1,SPP.09.AKC.55370.5.1.5258,SAM.09.AKC.55370.5.1,PM10,http://dd.eionet.europa.eu/vocabulary/aq/pollutant/5,day,13.9589900900,µg/m3,2013-11-27 00:00:00 +01:00,2013-11-28 00:00:00 +01:00,1,1
AT,AT.0008.20.AQ,NET.09,STA.09.AKC,,SPO.09.AKC.55370.5.1,SPP.09.AKC.55370.5.1.5258,SAM.09.AKC.55370.5.1,PM10,http://dd.eionet.europa.eu/vocabulary/aq/pollutant/5,day,21.7130107800,µg/m3,2013-11-22 00:00:00 +01:00,2013-11-23 00:00:00 +01:00,1,1
AT,AT.0008.20.AQ,NET.09,STA.09.AKC,,SPO.09.AKC.55370.5.1,SPP.09.AKC.55370.5.1.5258,SAM.09.AKC.55370.5.1,PM10,http://dd.eionet.europa.eu/vocabulary/aq/pollutant/5,day,18.3770103400,µg/m3,2013-11-24 00:00:00 +01:00,2013-11-25 00:00:00 +01:00,1,1
AT,AT.0008.20.AQ,NET.09,STA.09.AKC,,SPO.09.AKC.55370.5.1,SPP.09.AKC.55370.5.1.5258,SAM.09.AKC.55370.5.1,PM10,http://dd.eionet.europa.eu/vocabulary/aq/pollutant/5,day,50.5489997800,µg/m3,2013-12-04 00:00:00 +01:00,2013-12-05 00:00:00 +01:00,1,1
AT,AT.0008.20.AQ,NET.09,STA.09.AKC,,SPO.09.AKC.55370.5.1,SPP.09.AKC.55370.5.1.5258,SAM.09.AKC.55370.5.1,PM10,http://dd.eionet.europa.eu/vocabulary/aq/pollutant/5,day,16.4780101700,µg/m3,2013-05-19 00:00:00 +01:00,2013-05-20 00:00:00 +01:00,1,1
AT,AT.0008.20.AQ,NET.09,STA.09.AKC,,SPO.09.AKC.55370.5.1,SPP.09.AKC.55370.5.1.5258,SAM.09.AKC.55370.5.1,PM10,http://dd.eionet.europa.eu/vocabulary/aq/pollutant/5,day,20.7730102500,µg/m3,2013-12-14 00:00:00 +01:00,2013-12-15 00:00:00 +01:00,1,1
AT,AT.0008.20.AQ,NET.09,STA.09.AKC,,SPO.09.AKC.55370.5.1,SPP.09.AKC.55370.5.1.5258,SAM.09.AKC.55370.5.1,PM10,http://dd.eionet.europa.eu/vocabulary/aq/pollutant/5,day,7.4930009800,µg/m3,2013-05-21 00:00:00 +01:00,2013-05-22 00:00:00 +01:00,1,1
AT,AT.0008.20.AQ,NET.09,STA.09.AKC,,SPO.09.AKC.55370.5.1,SPP.09.AKC.55370.5.1.5258,SAM.09.AKC.55370.5.1,PM10,http://dd.eionet.europa.eu/vocabulary/aq/pollutant/5,day,13.0690002400,µg/m3,2013-05-29 00:00:00 +01:00,2013-05-30 00:00:00 +01:00,1,1
AT,AT.0008.20.AQ,NET.09,STA.09.AKC,,SPO.09.AKC.55370.5.1,SPP.09.AKC.55370.5.1.5258,SAM.09.AKC.55370.5.1,PM10,http://dd.eionet.europa.eu/vocabulary/aq/pollutant/5,day,6.3070039700,µg/m3,2013-06-04 00:00:00 +01:00,2013-06-05 00:00:00 +01:00,1,1
AT,AT.0008.20.AQ,NET.09,STA.09.AKC,,SPO.09.AKC.55370.5.1,SPP.09.AKC.55370.5.1.5258,SAM.09.AKC.55370.5.1,PM10,http://dd.eionet.europa.eu/vocabulary/aq/pollutant/5,day,24.2219905800,µg/m3,2013-12-23 00:00:00 +01:00,2013-12-24 00:00:00 +01:00,1,1
AT,AT.0008.20.AQ,NET.09,STA.09.AKC,,SPO.09.AKC.55370.5.1,SPP.09.AKC.55370.5.1.5258,SAM.09.AKC.55370.5.1,PM10,http://dd.eionet.europa.eu/vocabulary/aq/pollutant/5,day,19.0999908400,µg/m3,2013-06-07 00:00:00 +01:00,2013-06-08 00:00:00 +01:00,1,1
AT,AT.0008.20.AQ,NET.09,STA.09.AKC,,SPO.09.AKC.55370.5.1,SPP.09.AKC.55370.5.1.5258,SAM.09.AKC.55370.5.1,PM10,http://dd.eionet.europa.eu/vocabulary/aq/pollutant/5,day,12.4049997300,µg/m3,2013-06-11 00:00:00 +01:00,2013-06-12 00:00:00 +01:00,1,1
AT,AT.0008.20.AQ,NET.09,STA.09.AKC,,SPO.09.AKC.55370.5.1,SPP.09.AKC.55370.5.1.5258,SAM.09.AKC.55370.5.1,PM10,http://dd.eionet.europa.eu/vocabulary/aq/pollutant/5,day,30.7220096500,µg/m3,2013-12-31 00:00:00 +01:00,2014-01-01 00:00:00 +01:00,1,1
AT,AT.0008.20.AQ,NET.09,STA.09.AKC,,SPO.09.AKC.55370.5.1,SPP.09.AKC.55370.5.1.5258,SAM.09.AKC.55370.5.1,PM10,http://dd.eionet.europa.eu/vocabulary/aq/pollutant/5,day,16.3630008600,µg/m3,2013-06-15 00:00:00 +01:00,2013-06-16 00:00:00 +01:00,1,1
AT,AT.0008.20.AQ,NET.09,STA.09.AKC,,SPO.09.AKC.55370.5.1,SPP.09.AKC.55370.5.1.5258,SAM.09.AKC.55370.5.1,PM10,http://dd.eionet.europa.eu/vocabulary/aq/pollutant/5,day,16.5250091500,µg/m3,2013-06-16 00:00:00 +01:00,2013-06-17 00:00:00 +01:00,1,1
AT,AT.0008.20.AQ,NET.09,STA.09.AKC,,SPO.09.AKC.55370.5.1,SPP.09.AKC.55370.5.1.5258,SAM.09.AKC.55370.5.1,PM10,http://dd.eionet.europa.eu/vocabulary/aq/pollutant/5,day,11.5500001900,µg/m3,2013-07-01 00:00:00 +01:00,2013-07-02 00:00:00 +01:00,1,1
AT,AT.0008.20.AQ,NET.09,STA.09.AKC,,SPO.09.AKC.55370.5.1,SPP.09.AKC.55370.5.1.5258,SAM.09.AKC.55370.5.1,PM10,http://dd.eionet.europa.eu/vocabulary/aq/pollutant/5,day,21.3170108700,µg/m3,2013-07-07 00:00:00 +01:00,2013-07-08 00:00:00 +01:00,1,1
AT,AT.0008.20.AQ,NET.09,STA.09.AKC,,SPO.09.AKC.55370.5.1,SPP.09.AKC.55370.5.1.5258,SAM.09.AKC.55370.5.1,PM10,http://dd.eionet.europa.eu/vocabulary/aq/pollutant/5,day,15.7000102900,µg/m3,2013-07-14 00:00:00 +01:00,2013-07-15 00:00:00 +01:00,1,1
AT,AT.0008.20.AQ,NET.09,STA.09.AKC,,SPO.09.AKC.55370.5.1,SPP.09.AKC.55370.5.1.5258,SAM.09.AKC.55370.5.1,PM10,http://dd.eionet.europa.eu/vocabulary/aq/pollutant/5,day,28.4570198000,µg/m3,2013-06-17 00:00:00 +01:00,2013-06-18 00:00:00 +01:00,1,1
AT,AT.0008.20.AQ,NET.09,STA.09.AKC,,SPO.09.AKC.55370.5.1,SPP.09.AKC.55370.5.1.5258,SAM.09.AKC.55370.5.1,PM10,http://dd.eionet.europa.eu/vocabulary/aq/pollutant/5,day,40.3580207800,µg/m3,2013-06-19 00:00:00 +01:00,2013-06-20 00:00:00 +01:00,1,1
AT,AT.0008.20.AQ,NET.09,STA.09.AKC,,SPO.09.AKC.55370.5.1,SPP.09.AKC.55370.5.1.5258,SAM.09.AKC.55370.5.1,PM10,http://dd.eionet.europa.eu/vocabulary/aq/pollutant/5,day,24.1439990900,µg/m3,2013-08-03 00:00:00 +01:00,2013-08-04 00:00:00 +01:00,1,1
AT,AT.0008.20.AQ,NET.09,STA.09.AKC,,SPO.09.AKC.55370.5.1,SPP.09.AKC.55370.5.1.5258,SAM.09.AKC.55370.5.1,PM10,http://dd.eionet.europa.eu/vocabulary/aq/pollutant/5,day,19.1140098500,µg/m3,2013-08-05 00:00:00 +01:00,2013-08-06 00:00:00 +01:00,1,1
AT,AT.0008.20.AQ,NET.09,STA.09.AKC,,SPO.09.AKC.55370.5.1,SPP.09.AKC.55370.5.1.5258,SAM.09.AKC.55370.5.1,PM10,http://dd.eionet.europa.eu/vocabulary/aq/pollutant/5,day,26.1490001600,µg/m3,2013-08-02 00:00:00 +01:00,2013-08-03 00:00:00 +01:00,1,1
AT,AT.0008.20.AQ,NET.09,STA.09.AKC,,SPO.09.AKC.55370.5.1,SPP.09.AKC.55370.5.1.5258,SAM.09.AKC.55370.5.1,PM10,http://dd.eionet.europa.eu/vocabulary/aq/pollutant/5,day,35.8120117100,µg/m3,2013-08-08 00:00:00 +01:00,2013-08-09 00:00:00 +01:00,1,1
AT,AT.0008.20.AQ,NET.09,STA.09.AKC,,SPO.09.AKC.55370.5.1,SPP.09.AKC.55370.5.1.5258,SAM.09.AKC.55370.5.1,PM10,http://dd.eionet.europa.eu/vocabulary/aq/pollutant/5,day,26.8750000000,µg/m3,2013-07-29 00:00:00 +01:00,2013-07-30 00:00:00 +01:00,1,1
AT,AT.0008.20.AQ,NET.09,STA.09.AKC,,SPO.09.AKC.55370.5.1,SPP.09.AKC.55370.5.1.5258,SAM.09.AKC.55370.5.1,PM10,http://dd.eionet.europa.eu/vocabulary/aq/pollutant/5,day,26.4759998300,µg/m3,2013-07-19 00:00:00 +01:00,2013-07-20 00:00:00 +01:00,1,1
AT,AT.0008.20.AQ,NET.09,STA.09.AKC,,SPO.09.AKC.55370.5.1,SPP.09.AKC.55370.5.1.5258,SAM.09.AKC.55370.5.1,PM10,http://dd.eionet.europa.eu/vocabulary/aq/pollutant/5,day,27.6749992300,µg/m3,2013-07-18 00:00:00 +01:00,2013-07-19 00:00:00 +01:00,1,1
AT,AT.0008.20.AQ,NET.09,STA.09.AKC,,SPO.09.AKC.55370.5.1,SPP.09.AKC.55370.5.1.5258,SAM.09.AKC.55370.5.1,PM10,http://dd.eionet.europa.eu/vocabulary/aq/pollutant/5,day,19.9680004100,µg/m3,2013-07-23 00:00:00 +01:00,2013-07-24 00:00:00 +01:00,1,1
AT,AT.0008.20.AQ,NET.09,STA.09.AKC,,SPO.09.AKC.55370.5.1,SPP.09.AKC.55370.5.1.5258,SAM.09.AKC.55370.5.1,PM10,http://dd.eionet.europa.eu/vocabulary/aq/pollutant/5,day,28.5279998700,µg/m3,2013-07-26 00:00:00 +01:00,2013-07-27 00:00:00 +01:00,1,1
AT,AT.0008.20.AQ,NET.09,STA.09.AKC,,SPO.09.AKC.55370.5.1,SPP.09.AKC.55370.5.1.5258,SAM.09.AKC.55370.5.1,PM10,http://dd.eionet.europa.eu/vocabulary/aq/pollutant/5,day,7.9039988500,µg/m3,2013-06-26 00:00:00 +01:00,2013-06-27 00:00:00 +01:00,1,1
AT,AT.0008.20.AQ,NET.09,STA.09.AKC,,SPO.09.AKC.55370.5.1,SPP.09.AKC.55370.5.1.5258,SAM.09.AKC.55370.5.1,PM10,http://dd.eionet.europa.eu/vocabulary/aq/pollutant/5,day,13.1780004500,µg/m3,2013-07-13 00:00:00 +01:00,2013-07-14 00:00:00 +01:00,1,1
AT,AT.0008.20.AQ,NET.09,STA.09.AKC,,SPO.09.AKC.55370.5.1,SPP.09.AKC.55370.5.1.5258,SAM.09.AKC.55370.5.1,PM10,http://dd.eionet.europa.eu/vocabulary/aq/pollutant/5,day,14.5939998600,µg/m3,2013-07-05 00:00:00 +01:00,2013-07-06 00:00:00 +01:00,1,1
AT,AT.0008.20.AQ,NET.09,STA.09.AKC,,SPO.09.AKC.55370.5.1,SPP.09.AKC.55370.5.1.5258,SAM.09.AKC.55370.5.1,PM10,http://dd.eionet.europa.eu/vocabulary/aq/pollutant/5,day,21.5560092900,µg/m3,2013-07-03 00:00:00 +01:00,2013-07-04 00:00:00 +01:00,1,1
AT,AT.0008.20.AQ,NET.09,STA.09.AKC,,SPO.09.AKC.55370.5.1,SPP.09.AKC.55370.5.1.5258,SAM.09.AKC.55370.5.1,PM10,http://dd.eionet.europa.eu/vocabulary/aq/pollutant/5,day,14.1520004200,µg/m3,2013-08-11 00:00:00 +01:00,2013-08-12 00:00:00 +01:00,1,1
AT,AT.0008.20.AQ,NET.09,STA.09.AKC,,SPO.09.AKC.55370.5.1,SPP.09.AKC.55370.5.1.5258,SAM.09.AKC.55370.5.1,PM10,http://dd.eionet.europa.eu/vocabulary/aq/pollutant/5,day,17.9710102000,µg/m3,2013-08-31 00:00:00 +01:00,2013-09-01 00:00:00 +01:00,1,1
AT,AT.0008.20.AQ,NET.09,STA.09.AKC,,SPO.09.AKC.55370.5.1,SPP.09.AKC.55370.5.1.5258,SAM.09.AKC.55370.5.1,PM10,http://dd.eionet.europa.eu/vocabulary/aq/pollutant/5,day,20.3519897400,µg/m3,2013-08-28 00:00:00 +01:00,2013-08-29 00:00:00 +01:00,1,1
AT,AT.0008.20.AQ,NET.09,STA.09.AKC,,SPO.09.AKC.55370.5.1,SPP.09.AKC.55370.5.1.5258,SAM.09.AKC.55370.5.1,PM10,http://dd.eionet.europa.eu/vocabulary/aq/pollutant/5,day,27.3630008600,µg/m3,2013-08-23 00:00:00 +01:00,2013-08-24 00:00:00 +01:00,1,1
AT,AT.0008.20.AQ,NET.09,STA.09.AKC,,SPO.09.AKC.55370.5.1,SPP.09.AKC.55370.5.1.5258,SAM.09.AKC.55370.5.1,PM10,http://dd.eionet.europa.eu/vocabulary/aq/pollutant/5,day,9.0220022200,µg/m3,2013-09-21 00:00:00 +01:00,2013-09-22 00:00:00 +01:00,1,1
AT,AT.0008.20.AQ,NET.09,STA.09.AKC,,SPO.09.AKC.55370.5.1,SPP.09.AKC.55370.5.1.5258,SAM.09.AKC.55370.5.1,PM10,http://dd.eionet.europa.eu/vocabulary/aq/pollutant/5,day,11.4879999100,µg/m3,2013-09-22 00:00:00 +01:00,2013-09-23 00:00:00 +01:00,1,1
AT,AT.0008.20.AQ,NET.09,STA.09.AKC,,SPO.09.AKC.55370.5.1,SPP.09.AKC.55370.5.1.5258,SAM.09.AKC.55370.5.1,PM10,http://dd.eionet.europa.eu/vocabulary/aq/pollutant/5,day,7.2300019200,µg/m3,2013-09-19 00:00:00 +01:00,2013-09-20 00:00:00 +01:00,1,1
AT,AT.0008.20.AQ,NET.09,STA.09.AKC,,SPO.09.AKC.55370.5.1,SPP.09.AKC.55370.5.1.5258,SAM.09.AKC.55370.5.1,PM10,http://dd.eionet.europa.eu/vocabulary/aq/pollutant/5,day,6.5390009800,µg/m3,2013-09-17 00:00:00 +01:00,2013-09-18 00:00:00 +01:00,1,1
AT,AT.0008.20.AQ,NET.09,STA.09.AKC,,SPO.09.AKC.55370.5.1,SPP.09.AKC.55370.5.1.5258,SAM.09.AKC.55370.5.1,PM10,http://dd.eionet.europa.eu/vocabulary/aq/pollutant/5,day,55.6459999000,µg/m3,2013-10-06 00:00:00 +01:00,2013-10-07 00:00:00 +01:00,1,1
AT,AT.0008.20.AQ,NET.09,STA.09.AKC,,SPO.09.AKC.55370.5.1,SPP.09.AKC.55370.5.1.5258,SAM.09.AKC.55370.5.1,PM10,http://dd.eionet.europa.eu/vocabulary/aq/pollutant/5,day,17.8439998600,µg/m3,2013-09-29 00:00:00 +01:00,2013-09-30 00:00:00 +01:00,1,1
AT,AT.0008.20.AQ,NET.09,STA.09.AKC,,SPO.09.AKC.55370.5.1,SPP.09.AKC.55370.5.1.5258,SAM.09.AKC.55370.5.1,PM10,http://dd.eionet.europa.eu/vocabulary/aq/pollutant/5,day,17.0410099000,µg/m3,2013-10-19 00:00:00 +01:00,2013-10-20 00:00:00 +01:00,1,1
AT,AT.0008.20.AQ,NET.09,STA.09.AKC,,SPO.09.AKC.55370.5.1,SPP.09.AKC.55370.5.1.5258,SAM.09.AKC.55370.5.1,PM10,http://dd.eionet.europa.eu/vocabulary/aq/pollutant/5,day,18.4529991100,µg/m3,2013-10-27 00:00:00 +01:00,2013-10-28 00:00:00 +01:00,1,1
AT,AT.0008.20.AQ,NET.09,STA.09.AKC,,SPO.09.AKC.55370.5.1,SPP.09.AKC.55370.5.1.5258,SAM.09.AKC.55370.5.1,PM10,http://dd.eionet.europa.eu/vocabulary/aq/pollutant/5,day,25.2999992300,µg/m3,2013-10-26 00:00:00 +01:00,2013-10-27 00:00:00 +01:00,1,1
AT,AT.0008.20.AQ,NET.09,STA.09.AKC,,SPO.09.AKC.55370.5.1,SPP.09.AKC.55370.5.1.5258,SAM.09.AKC.55370.5.1,PM10,http://dd.eionet.europa.eu/vocabulary/aq/pollutant/5,day,29.5820198000,µg/m3,2013-11-08 00:00:00 +01:00,2013-11-09 00:00:00 +01:00,1,1
AT,AT.0008.20.AQ,NET.09,STA.09.AKC,,SPO.09.AKC.55370.5.1,SPP.09.AKC.55370.5.1.5258,SAM.09.AKC.55370.5.1,PM10,http://dd.eionet.europa.eu/vocabulary/aq/pollutant/5,day,21.2949905300,µg/m3,2013-10-31 00:00:00 +01:00,2013-11-01 00:00:00 +01:00,1,1
AT,AT.0008.20.AQ,NET.09,STA.09.AKC,,SPO.09.AKC.55370.5.1,SPP.09.AKC.55370.5.1.5258,SAM.09.AKC.55370.5.1,PM10,http://dd.eionet.europa.eu/vocabulary/aq/pollutant/5,day,17.0490093200,µg/m3,2013-11-03 00:00:00 +01:00,2013-11-04 00:00:00 +01:00,1,1
AT,AT.0008.20.AQ,NET.09,STA.09.AKC,,SPO.09.AKC.55370.5.1,SPP.09.AKC.55370.5.1.5258,SAM.09.AKC.55370.5.1,PM10,http://dd.eionet.europa.eu/vocabulary/aq/pollutant/5,day,17.2249908400,µg/m3,2013-08-26 00:00:00 +01:00,2013-08-27 00:00:00 +01:00,1,1
AT,AT.0008.20.AQ,NET.09,STA.09.AKC,,SPO.09.AKC.55370.5.1,SPP.09.AKC.55370.5.1.5258,SAM.09.AKC.55370.5.1,PM10,http://dd.eionet.europa.eu/vocabulary/aq/pollutant/5,day,40.7419700600,µg/m3,2013-11-18 00:00:00 +01:00,2013-11-19 00:00:00 +01:00,1,1
AT,AT.0008.20.AQ,NET.09,STA.09.AKC,,SPO.09.AKC.55370.5.1,SPP.09.AKC.55370.5.1.5258,SAM.09.AKC.55370.5.1,PM10,http://dd.eionet.europa.eu/vocabulary/aq/pollutant/5,day,32.9780197100,µg/m3,2013-11-23 00:00:00 +01:00,2013-11-24 00:00:00 +01:00,1,1
AT,AT.0008.20.AQ,NET.09,STA.09.AKC,,SPO.09.AKC.55370.5.1,SPP.09.AKC.55370.5.1.5258,SAM.09.AKC.55370.5.1,PM10,http://dd.eionet.europa.eu/vocabulary/aq/pollutant/5,day,17.1149902300,µg/m3,2013-08-29 00:00:00 +01:00,2013-08-30 00:00:00 +01:00,1,1
AT,AT.0008.20.AQ,NET.09,STA.09.AKC,,SPO.09.AKC.55370.5.1,SPP.09.AKC.55370.5.1.5258,SAM.09.AKC.55370.5.1,PM10,http://dd.eionet.europa.eu/vocabulary/aq/pollutant/5,day,9.5580053300,µg/m3,2013-09-11 00:00:00 +01:00,2013-09-12 00:00:00 +01:00,1,1
AT,AT.0008.20.AQ,NET.09,STA.09.AKC,,SPO.09.AKC.55370.5.1,SPP.09.AKC.55370.5.1.5258,SAM.09.AKC.55370.5.1,PM10,http://dd.eionet.europa.eu/vocabulary/aq/pollutant/5,day,21.4090003900,µg/m3,2013-09-07 00:00:00 +01:00,2013-09-08 00:00:00 +01:00,1,1
AT,AT.0008.20.AQ,NET.09,STA.09.AKC,,SPO.09.AKC.55370.5.1,SPP.09.AKC.55370.5.1.5258,SAM.09.AKC.55370.5.1,PM10,http://dd.eionet.europa.eu/vocabulary/aq/pollutant/5,day,8.3879995300,µg/m3,2013-09-13 00:00:00 +01:00,2013-09-14 00:00:00 +01:00,1,1
AT,AT.0008.20.AQ,NET.09,STA.09.AKC,,SPO.09.AKC.55370.5.1,SPP.09.AKC.55370.5.1.5258,SAM.09.AKC.55370.5.1,PM10,http://dd.eionet.europa.eu/vocabulary/aq/pollutant/5,day,16.1400108300,µg/m3,2013-09-28 00:00:00 +01:00,2013-09-29 00:00:00 +01:00,1,1
AT,AT.0008.20.AQ,NET.09,STA.09.AKC,,SPO.09.AKC.55370.5.1,SPP.09.AKC.55370.5.1.5258,SAM.09.AKC.55370.5.1,PM10,http://dd.eionet.europa.eu/vocabulary/aq/pollutant/5,day,30.7989902400,µg/m3,2013-10-20 00:00:00 +01:00,2013-10-21 00:00:00 +01:00,1,1
AT,AT.0008.20.AQ,NET.09,STA.09.AKC,,SPO.09.AKC.55370.5.1,SPP.09.AKC.55370.5.1.5258,SAM.09.AKC.55370.5.1,PM10,http://dd.eionet.europa.eu/vocabulary/aq/pollutant/5,day,10.2150001500,µg/m3,2013-10-30 00:00:00 +01:00,2013-10-31 00:00:00 +01:00,1,1
AT,AT.0008.20.AQ,NET.09,STA.09.AKC,,SPO.09.AKC.55370.5.1,SPP.09.AKC.55370.5.1.5258,SAM.09.AKC.55370.5.1,PM10,http://dd.eionet.europa.eu/vocabulary/aq/pollutant/5,day,7.9769978500,µg/m3,2013-11-11 00:00:00 +01:00,2013-11-12 00:00:00 +01:00,1,1
AT,AT.0008.20.AQ,NET.09,STA.09.AKC,,SPO.09.AKC.55370.5.1,SPP.09.AKC.55370.5.1.5258,SAM.09.AKC.55370.5.1,PM10,http://dd.eionet.europa.eu/vocabulary/aq/pollutant/5,day,41.3819808900,µg/m3,2013-11-15 00:00:00 +01:00,2013-11-16 00:00:00 +01:00,1,1
AT,AT.0008.20.AQ,NET.09,STA.09.AKC,,SPO.09.AKC.55370.5.1,SPP.09.AKC.55370.5.1.5258,SAM.09.AKC.55370.5.1,PM10,http://dd.eionet.europa.eu/vocabulary/aq/pollutant/5,day,7.0929980200,µg/m3,2013-11-10 00:00:00 +01:00,2013-11-11 00:00:00 +01:00,1,1
AT,AT.0008.20.AQ,NET.09,STA.09.AKC,,SPO.09.AKC.55370.5.1,SPP.09.AKC.55370.5.1.5258,SAM.09.AKC.55370.5.1,PM10,http://dd.eionet.europa.eu/vocabulary/aq/pollutant/5,day,16.1209907500,µg/m3,2013-12-15 00:00:00 +01:00,2013-12-16 00:00:00 +01:00,1,1
AT,AT.0008.20.AQ,NET.09,STA.09.AKC,,SPO.09.AKC.55370.5.1,SPP.09.AKC.55370.5.1.5258,SAM.09.AKC.55370.5.1,PM10,http://dd.eionet.europa.eu/vocabulary/aq/pollutant/5,day,24.4959907500,µg/m3,2013-12-17 00:00:00 +01:00,2013-12-18 00:00:00 +01:00,1,1
AT,AT.0008.20.AQ,NET.09,STA.09.AKC,,SPO.09.AKC.55370.5.1,SPP.09.AKC.55370.5.1.5258,SAM.09.AKC.55370.5.1,PM10,http://dd.eionet.europa.eu/vocabulary/aq/pollutant/5,day,41.9379882800,µg/m3,2013-12-19 00:00:00 +01:00,2013-12-20 00:00:00 +01:00,1,1
AT,AT.0008.20.AQ,NET.09,STA.09.AKC,,SPO.09.AKC.55370.5.1,SPP.09.AKC.55370.5.1.5258,SAM.09.AKC.55370.5.1,PM10,http://dd.eionet.europa.eu/vocabulary/aq/pollutant/5,day,13.6660099000,µg/m3,2013-12-28 00:00:00 +01:00,2013-12-29 00:00:00 +01:00,1,1
AT,AT.0008.20.AQ,NET.09,STA.09.AKC,,SPO.09.AKC.55370.5.1,SPP.09.AKC.55370.5.1.5258,SAM.09.AKC.55370.5.1,PM10,http://dd.eionet.europa.eu/vocabulary/aq/pollutant/5,day,51.4489784200,µg/m3,2013-10-09 00:00:00 +01:00,2013-10-10 00:00:00 +01:00,1,1
AT,AT.0008.20.AQ,NET.09,STA.09.AKC,,SPO.09.AKC.55370.5.1,SPP.09.AKC.55370.5.1.5258,SAM.09.AKC.55370.5.1,PM10,http://dd.eionet.europa.eu/vocabulary/aq/pollutant/5,day,18.9039897900,µg/m3,2013-10-11 00:00:00 +01:00,2013-10-12 00:00:00 +01:00,1,1
AT,AT.0008.20.AQ,NET.09,STA.09.AKC,,SPO.09.AKC.55370.5.1,SPP.09.AKC.55370.5.1.5258,SAM.09.AKC.55370.5.1,PM10,http://dd.eionet.europa.eu/vocabulary/aq/pollutant/5,day,17.6950092300,µg/m3,2013-12-26 00:00:00 +01:00,2013-12-27 00:00:00 +01:00,1,1
AT,AT.0008.20.AQ,NET.09,STA.09.AKC,,SPO.09.AKC.55370.5.1,SPP.09.AKC.55370.5.1.5258,SAM.09.AKC.55370.5.1,PM10,http://dd.eionet.europa.eu/vocabulary/aq/pollutant/5,day,30.9310207300,µg/m3,2013-10-15 00:00:00 +01:00,2013-10-16 00:00:00 +01:00,1,1
AT,AT.0008.20.AQ,NET.09,STA.09.AKC,,SPO.09.AKC.55370.5.1,SPP.09.AKC.55370.5.1.5258,SAM.09.AKC.55370.5.1,PM10,http://dd.eionet.europa.eu/vocabulary/aq/pollutant/5,day,14.6359901400,µg/m3,2013-12-13 00:00:00 +01:00,2013-12-14 00:00:00 +01:00,1,1
AT,AT.0008.20.AQ,NET.09,STA.09.AKC,,SPO.09.AKC.55370.5.1,SPP.09.AKC.55370.5.1.5258,SAM.09.AKC.55370.5.1,PM10,http://dd.eionet.europa.eu/vocabulary/aq/pollutant/5,day,27.7290000900,µg/m3,2013-12-16 00:00:00 +01:00,2013-12-17 00:00:00 +01:00,1,1
AT,AT.0008.20.AQ,NET.09,STA.09.AKC,,SPO.09.AKC.55370.5.1,SPP.09.AKC.55370.5.1.5258,SAM.09.AKC.55370.5.1,PM10,http://dd.eionet.europa.eu/vocabulary/aq/pollutant/5,day,34.3320198000,µg/m3,2013-12-11 00:00:00 +01:00,2013-12-12 00:00:00 +01:00,1,1
AT,AT.0008.20.AQ,NET.09,STA.09.AKC,,SPO.09.AKC.55370.5.1,SPP.09.AKC.55370.5.1.5258,SAM.09.AKC.55370.5.1,PM10,http://dd.eionet.europa.eu/vocabulary/aq/pollutant/5,day,16.8819999600,µg/m3,2013-11-21 00:00:00 +01:00,2013-11-22 00:00:00 +01:00,1,1
AT,AT.0008.20.AQ,NET.09,STA.09.AKC,,SPO.09.AKC.55370.5.1,SPP.09.AKC.55370.5.1.5258,SAM.09.AKC.55370.5.1,PM10,http://dd.eionet.europa.eu/vocabulary/aq/pollutant/5,day,23.8579902600,µg/m3,2013-11-20 00:00:00 +01:00,2013-11-21 00:00:00 +01:00,1,1
AT,AT.0008.20.AQ,NET.09,STA.09.AKC,,SPO.09.AKC.55370.5.1,SPP.09.AKC.55370.5.1.5258,SAM.09.AKC.55370.5.1,PM10,http://dd.eionet.europa.eu/vocabulary/aq/pollutant/5,day,51.3750000000,µg/m3,2013-11-19 00:00:00 +01:00,2013-11-20 00:00:00 +01:00,1,1
AT,AT.0008.20.AQ,NET.09,STA.09.AKC,,SPO.09.AKC.55370.5.1,SPP.09.AKC.55370.5.1.5258,SAM.09.AKC.55370.5.1,PM10,http://dd.eionet.europa.eu/vocabulary/aq/pollutant/5,day,19.2230091000,µg/m3,2013-11-29 00:00:00 +01:00,2013-11-30 00:00:00 +01:00,1,1
AT,AT.0008.20.AQ,NET.09,STA.09.AKC,,SPO.09.AKC.55370.5.1,SPP.09.AKC.55370.5.1.5258,SAM.09.AKC.55370.5.1,PM10,http://dd.eionet.europa.eu/vocabulary/aq/pollutant/5,day,9.0870027500,µg/m3,2013-11-06 00:00:00 +01:00,2013-11-07 00:00:00 +01:00,1,1
AT,AT.0008.20.AQ,NET.09,STA.09.AKC,,SPO.09.AKC.55370.5.1,SPP.09.AKC.55370.5.1.5258,SAM.09.AKC.55370.5.1,PM10,http://dd.eionet.europa.eu/vocabulary/aq/pollutant/5,day,27.2039909300,µg/m3,2013-11-01 00:00:00 +01:00,2013-11-02 00:00:00 +01:00,1,1
AT,AT.0008.20.AQ,NET.09,STA.09.AKC,,SPO.09.AKC.55370.5.1,SPP.09.AKC.55370.5.1.5258,SAM.09.AKC.55370.5.1,PM10,http://dd.eionet.europa.eu/vocabulary/aq/pollutant/5,day,20.7340106900,µg/m3,2013-10-24 00:00:00 +01:00,2013-10-25 00:00:00 +01:00,1,1
AT,AT.0008.20.AQ,NET.09,STA.09.AKC,,SPO.09.AKC.55370.5.1,SPP.09.AKC.55370.5.1.5258,SAM.09.AKC.55370.5.1,PM10,http://dd.eionet.europa.eu/vocabulary/aq/pollutant/5,day,28.1459999000,µg/m3,2013-10-22 00:00:00 +01:00,2013-10-23 00:00:00 +01:00,1,1
AT,AT.0008.20.AQ,NET.09,STA.09.AKC,,SPO.09.AKC.55370.5.1,SPP.09.AKC.55370.5.1.5258,SAM.09.AKC.55370.5.1,PM10,http://dd.eionet.europa.eu/vocabulary/aq/pollutant/5,day,30.4310207300,µg/m3,2013-10-14 00:00:00 +01:00,2013-10-15 00:00:00 +01:00,1,1
AT,AT.0008.20.AQ,NET.09,STA.09.AKC,,SPO.09.AKC.55370.5.1,SPP.09.AKC.55370.5.1.5258,SAM.09.AKC.55370.5.1,PM10,http://dd.eionet.europa.eu/vocabulary/aq/pollutant/5,day,14.3380098300,µg/m3,2013-09-24 00:00:00 +01:00,2013-09-25 00:00:00 +01:00,1,1
AT,AT.0008.20.AQ,NET.09,STA.09.AKC,,SPO.09.AKC.55370.5.1,SPP.09.AKC.55370.5.1.5258,SAM.09.AKC.55370.5.1,PM10,http://dd.eionet.europa.eu/vocabulary/aq/pollutant/5,day,9.2990026400,µg/m3,2013-10-16 00:00:00 +01:00,2013-10-17 00:00:00 +01:00,1,1
AT,AT.0008.20.AQ,NET.09,STA.09.AKC,,SPO.09.AKC.55370.5.1,SPP.09.AKC.55370.5.1.5258,SAM.09.AKC.55370.5.1,PM10,http://dd.eionet.europa.eu/vocabulary/aq/pollutant/5,day,20.6890106200,µg/m3,2013-09-25 00:00:00 +01:00,2013-09-26 00:00:00 +01:00,1,1
AT,AT.0008.20.AQ,NET.09,STA.09.AKC,,SPO.09.AKC.55370.5.1,SPP.09.AKC.55370.5.1.5258,SAM.09.AKC.55370.5.1,PM10,http://dd.eionet.europa.eu/vocabulary/aq/pollutant/5,day,11.4239997800,µg/m3,2013-09-10 00:00:00 +01:00,2013-09-11 00:00:00 +01:00,1,1
AT,AT.0008.20.AQ,NET.09,STA.09.AKC,,SPO.09.AKC.55370.5.1,SPP.09.AKC.55370.5.1.5258,SAM.09.AKC.55370.5.1,PM10,http://dd.eionet.europa.eu/vocabulary/aq/pollutant/5,day,6.5950012200,µg/m3,2013-09-12 00:00:00 +01:00,2013-09-13 00:00:00 +01:00,1,1
AT,AT.0008.20.AQ,NET.09,STA.09.AKC,,SPO.09.AKC.55370.5.1,SPP.09.AKC.55370.5.1.5258,SAM.09.AKC.55370.5.1,PM10,http://dd.eionet.europa.eu/vocabulary/aq/pollutant/5,day,10.1210002800,µg/m3,2013-09-09 00:00:00 +01:00,2013-09-10 00:00:00 +01:00,1,1
AT,AT.0008.20.AQ,NET.09,STA.09.AKC,,SPO.09.AKC.55370.5.1,SPP.09.AKC.55370.5.1.5258,SAM.09.AKC.55370.5.1,PM10,http://dd.eionet.europa.eu/vocabulary/aq/pollutant/5,day,48.2800216600,µg/m3,2013-10-07 00:00:00 +01:00,2013-10-08 00:00:00 +01:00,1,1
AT,AT.0008.20.AQ,NET.09,STA.09.AKC,,SPO.09.AKC.55370.5.1,SPP.09.AKC.55370.5.1.5258,SAM.09.AKC.55370.5.1,PM10,http://dd.eionet.europa.eu/vocabulary/aq/pollutant/5,day,12.6909999800,µg/m3,2013-09-03 00:00:00 +01:00,2013-09-04 00:00:00 +01:00,1,1
AT,AT.0008.20.AQ,NET.09,STA.09.AKC,,SPO.09.AKC.55370.5.1,SPP.09.AKC.55370.5.1.5258,SAM.09.AKC.55370.5.1,PM10,http://dd.eionet.europa.eu/vocabulary/aq/pollutant/5,day,25.5209999000,µg/m3,2013-10-05 00:00:00 +01:00,2013-10-06 00:00:00 +01:00,1,1
AT,AT.0008.20.AQ,NET.09,STA.09.AKC,,SPO.09.AKC.55370.5.1,SPP.09.AKC.55370.5.1.5258,SAM.09.AKC.55370.5.1,PM10,http://dd.eionet.europa.eu/vocabulary/aq/pollutant/5,day,23.0680007900,µg/m3,2013-08-27 00:00:00 +01:00,2013-08-28 00:00:00 +01:00,1,1
AT,AT.0008.20.AQ,NET.09,STA.09.AKC,,SPO.09.AKC.55370.5.1,SPP.09.AKC.55370.5.1.5258,SAM.09.AKC.55370.5.1,PM10,http://dd.eionet.europa.eu/vocabulary/aq/pollutant/5,day,10.1639995500,µg/m3,2013-09-18 00:00:00 +01:00,2013-09-19 00:00:00 +01:00,1,1
AT,AT.0008.20.AQ,NET.09,STA.09.AKC,,SPO.09.AKC.55370.5.1,SPP.09.AKC.55370.5.1.5258,SAM.09.AKC.55370.5.1,PM10,http://dd.eionet.europa.eu/vocabulary/aq/pollutant/5,day,14.1800003000,µg/m3,2013-08-14 00:00:00 +01:00,2013-08-15 00:00:00 +01:00,1,1
AT,AT.0008.20.AQ,NET.09,STA.09.AKC,,SPO.09.AKC.55370.5.1,SPP.09.AKC.55370.5.1.5258,SAM.09.AKC.55370.5.1,PM10,http://dd.eionet.europa.eu/vocabulary/aq/pollutant/5,day,18.4959907500,µg/m3,2013-01-09 00:00:00 +01:00,2013-01-10 00:00:00 +01:00,1,1
AT,AT.0008.20.AQ,NET.09,STA.09.AKC,,SPO.09.AKC.55370.5.1,SPP.09.AKC.55370.5.1.5258,SAM.09.AKC.55370.5.1,PM10,http://dd.eionet.europa.eu/vocabulary/aq/pollutant/5,day,28.0880107800,µg/m3,2013-07-28 00:00:00 +01:00,2013-07-29 00:00:00 +01:00,1,1
AT,AT.0008.20.AQ,NET.09,STA.09.AKC,,SPO.09.AKC.55370.5.1,SPP.09.AKC.55370.5.1.5258,SAM.09.AKC.55370.5.1,PM10,http://dd.eionet.europa.eu/vocabulary/aq/pollutant/5,day,46.2190017700,µg/m3,2013-04-21 00:00:00 +01:00,2013-04-22 00:00:00 +01:00,1,1
AT,AT.0008.20.AQ,NET.09,STA.09.AKC,,SPO.09.AKC.55370.5.1,SPP.09.AKC.55370.5.1.5258,SAM.09.AKC.55370.5.1,PM10,http://dd.eionet.europa.eu/vocabulary/aq/pollutant/5,day,22.4489898600,µg/m3,2013-07-17 00:00:00 +01:00,2013-07-18 00:00:00 +01:00,1,1
AT,AT.0008.20.AQ,NET.09,STA.09.AKC,,SPO.09.AKC.55370.5.1,SPP.09.AKC.55370.5.1.5258,SAM.09.AKC.55370.5.1,PM10,http://dd.eionet.europa.eu/vocabulary/aq/pollutant/5,day,21.5139904000,µg/m3,2013-09-26 00:00:00 +01:00,2013-09-27 00:00:00 +01:00,1,1
AT,AT.0008.20.AQ,NET.09,STA.09.AKC,,SPO.09.AKC.55370.5.1,SPP.09.AKC.55370.5.1.5258,SAM.09.AKC.55370.5.1,PM10,http://dd.eionet.europa.eu/vocabulary/aq/pollutant/5,day,30.9880008600,µg/m3,2013-04-18 00:00:00 +01:00,2013-04-19 00:00:00 +01:00,1,1
AT,AT.0008.20.AQ,NET.09,STA.09.AKC,,SPO.09.AKC.55370.5.1,SPP.09.AKC.55370.5.1.5258,SAM.09.AKC.55370.5.1,PM10,http://dd.eionet.europa.eu/vocabulary/aq/pollutant/5,day,26.5139999300,µg/m3,2013-10-23 00:00:00 +01:00,2013-10-24 00:00:00 +01:00,1,1
AT,AT.0008.20.AQ,NET.09,STA.09.AKC,,SPO.09.AKC.55370.5.1,SPP.09.AKC.55370.5.1.5258,SAM.09.AKC.55370.5.1,PM10,http://dd.eionet.europa.eu/vocabulary/aq/pollutant/5,day,58.3059997500,µg/m3,2013-02-25 00:00:00 +01:00,2013-02-26 00:00:00 +01:00,1,1
AT,AT.0008.20.AQ,NET.09,STA.09.AKC,,SPO.09.AKC.55370.5.1,SPP.09.AKC.55370.5.1.5258,SAM.09.AKC.55370.5.1,PM10,http://dd.eionet.europa.eu/vocabulary/aq/pollutant/5,day,15.1290102000,µg/m3,2013-06-13 00:00:00 +01:00,2013-06-14 00:00:00 +01:00,1,1
AT,AT.0008.20.AQ,NET.09,STA.09.AKC,,SPO.09.AKC.55370.5.1,SPP.09.AKC.55370.5.1.5258,SAM.09.AKC.55370.5.1,PM10,http://dd.eionet.europa.eu/vocabulary/aq/pollutant/5,day,12.5710000900,µg/m3,2013-09-27 00:00:00 +01:00,2013-09-28 00:00:00 +01:00,1,1
AT,AT.0008.20.AQ,NET.09,STA.09.AKC,,SPO.09.AKC.55370.5.1,SPP.09.AKC.55370.5.1.5258,SAM.09.AKC.55370.5.1,PM10,http://dd.eionet.europa.eu/vocabulary/aq/pollutant/5,day,10.0010099400,µg/m3,2013-12-29 00:00:00 +01:00,2013-12-30 00:00:00 +01:00,1,1
AT,AT.0008.20.AQ,NET.09,STA.09.AKC,,SPO.09.AKC.55370.5.1,SPP.09.AKC.55370.5.1.5258,SAM.09.AKC.55370.5.1,PM10,http://dd.eionet.europa.eu/vocabulary/aq/pollutant/5,day,4.3670010500,µg/m3,2013-06-24 00:00:00 +01:00,2013-06-25 00:00:00 +01:00,1,1
AT,AT.0008.20.AQ,NET.09,STA.09.AKC,,SPO.09.AKC.55370.5.1,SPP.09.AKC.55370.5.1.5258,SAM.09.AKC.55370.5.1,PM10,http://dd.eionet.europa.eu/vocabulary/aq/pollutant/5,day,40.1879882800,µg/m3,2013-12-21 00:00:00 +01:00,2013-12-22 00:00:00 +01:00,1,1
AT,AT.0008.20.AQ,NET.09,STA.09.AKC,,SPO.09.AKC.55370.5.1,SPP.09.AKC.55370.5.1.5258,SAM.09.AKC.55370.5.1,PM10,http://dd.eionet.europa.eu/vocabulary/aq/pollutant/5,day,37.7190017700,µg/m3,2013-06-18 00:00:00 +01:00,2013-06-19 00:00:00 +01:00,1,1
AT,AT.0008.20.AQ,NET.09,STA.09.AKC,,SPO.09.AKC.55370.5.1,SPP.09.AKC.55370.5.1.5258,SAM.09.AKC.55370.5.1,PM10,http://dd.eionet.europa.eu/vocabulary/aq/pollutant/5,day,22.2819995800,µg/m3,2013-05-17 00:00:00 +01:00,2013-05-18 00:00:00 +01:00,1,1
AT,AT.0008.20.AQ,NET.09,STA.09.AKC,,SPO.09.AKC.55370.5.1,SPP.09.AKC.55370.5.1.5258,SAM.09.AKC.55370.5.1,PM10,http://dd.eionet.europa.eu/vocabulary/aq/pollutant/5,day,16.5450000700,µg/m3,2013-05-04 00:00:00 +01:00,2013-05-05 00:00:00 +01:00,1,1
AT,AT.0008.20.AQ,NET.09,STA.09.AKC,,SPO.09.AKC.55370.5.1,SPP.09.AKC.55370.5.1.5258,SAM.09.AKC.55370.5.1,PM10,http://dd.eionet.europa.eu/vocabulary/aq/pollutant/5,day,9.8150005300,µg/m3,2013-11-04 00:00:00 +01:00,2013-11-05 00:00:00 +01:00,1,1
AT,AT.0008.20.AQ,NET.09,STA.09.AKC,,SPO.09.AKC.55370.5.1,SPP.09.AKC.55370.5.1.5258,SAM.09.AKC.55370.5.1,PM10,http://dd.eionet.europa.eu/vocabulary/aq/pollutant/5,day,55.1620216300,µg/m3,2013-02-24 00:00:00 +01:00,2013-02-25 00:00:00 +01:00,1,1
AT,AT.0008.20.AQ,NET.09,STA.09.AKC,,SPO.09.AKC.55370.5.1,SPP.09.AKC.55370.5.1.5258,SAM.09.AKC.55370.5.1,PM10,http://dd.eionet.europa.eu/vocabulary/aq/pollutant/5,day,53.2759819000,µg/m3,2013-01-21 00:00:00 +01:00,2013-01-22 00:00:00 +01:00,1,1
AT,AT.0008.20.AQ,NET.09,STA.09.AKC,,SPO.09.AKC.55370.5.1,SPP.09.AKC.55370.5.1.5258,SAM.09.AKC.55370.5.1,PM10,http://dd.eionet.europa.eu/vocabulary/aq/pollutant/5,day,43.6640281600,µg/m3,2013-05-01 00:00:00 +01:00,2013-05-02 00:00:00 +01:00,1,1
AT,AT.0008.20.AQ,NET.09,STA.09.AKC,,SPO.09.AKC.55370.5.1,SPP.09.AKC.55370.5.1.5258,SAM.09.AKC.55370.5.1,PM10,http://dd.eionet.europa.eu/vocabulary/aq/pollutant/5,day,28.9220008800,µg/m3,2013-04-06 00:00:00 +01:00,2013-04-07 00:00:00 +01:00,1,1
AT,AT.0008.20.AQ,NET.09,STA.09.AKC,,SPO.09.AKC.55370.5.1,SPP.09.AKC.55370.5.1.5258,SAM.09.AKC.55370.5.1,PM10,http://dd.eionet.europa.eu/vocabulary/aq/pollutant/5,day,21.3959999000,µg/m3,2013-03-22 00:00:00 +01:00,2013-03-23 00:00:00 +01:00,1,1
AT,AT.0008.20.AQ,NET.09,STA.09.AKC,,SPO.09.AKC.55370.5.1,SPP.09.AKC.55370.5.1.5258,SAM.09.AKC.55370.5.1,PM10,http://dd.eionet.europa.eu/vocabulary/aq/pollutant/5,day,25.9200000700,µg/m3,2013-03-17 00:00:00 +01:00,2013-03-18 00:00:00 +01:00,1,1
AT,AT.0008.20.AQ,NET.09,STA.09.AKC,,SPO.09.AKC.55370.5.1,SPP.09.AKC.55370.5.1.5258,SAM.09.AKC.55370.5.1,PM10,http://dd.eionet.europa.eu/vocabulary/aq/pollutant/5,day,38.6020202600,µg/m3,2013-01-22 00:00:00 +01:00,2013-01-23 00:00:00 +01:00,1,1
AT,AT.0008.20.AQ,NET.09,STA.09.AKC,,SPO.09.AKC.55370.5.1,SPP.09.AKC.55370.5.1.5258,SAM.09.AKC.55370.5.1,PM10,http://dd.eionet.europa.eu/vocabulary/aq/pollutant/5,day,42.5200119000,µg/m3,2013-03-28 00:00:00 +01:00,2013-03-29 00:00:00 +01:00,1,1
AT,AT.0008.20.AQ,NET.09,STA.09.AKC,,SPO.09.AKC.55370.5.1,SPP.09.AKC.55370.5.1.5258,SAM.09.AKC.55370.5.1,PM10,http://dd.eionet.europa.eu/vocabulary/aq/pollutant/5,day,29.4069900500,µg/m3,2013-03-18 00:00:00 +01:00,2013-03-19 00:00:00 +01:00,1,1
AT,AT.0008.20.AQ,NET.09,STA.09.AKC,,SPO.09.AKC.55370.5.1,SPP.09.AKC.55370.5.1.5258,SAM.09.AKC.55370.5.1,PM10,http://dd.eionet.europa.eu/vocabulary/aq/pollutant/5,day,10.8620004600,µg/m3,2013-09-15 00:00:00 +01:00,2013-09-16 00:00:00 +01:00,1,1
AT,AT.0008.20.AQ,NET.09,STA.09.AKC,,SPO.09.AKC.55370.5.1,SPP.09.AKC.55370.5.1.5258,SAM.09.AKC.55370.5.1,PM10,http://dd.eionet.europa.eu/vocabulary/aq/pollutant/5,day,10.2690095900,µg/m3,2013-09-14 00:00:00 +01:00,2013-09-15 00:00:00 +01:00,1,1
AT,AT.0008.20.AQ,NET.09,STA.09.AKC,,SPO.09.AKC.55370.5.1,SPP.09.AKC.55370.5.1.5258,SAM.09.AKC.55370.5.1,PM10,http://dd.eionet.europa.eu/vocabulary/aq/pollutant/5,day,25.2329902600,µg/m3,2013-08-09 00:00:00 +01:00,2013-08-10 00:00:00 +01:00,1,1
AT,AT.0008.20.AQ,NET.09,STA.09.AKC,,SPO.09.AKC.55370.5.1,SPP.09.AKC.55370.5.1.5258,SAM.09.AKC.55370.5.1,PM10,http://dd.eionet.europa.eu/vocabulary/aq/pollutant/5,day,13.5769996600,µg/m3,2013-07-30 00:00:00 +01:00,2013-07-31 00:00:00 +01:00,1,1
AT,AT.0008.20.AQ,NET.09,STA.09.AKC,,SPO.09.AKC.55370.5.1,SPP.09.AKC.55370.5.1.5258,SAM.09.AKC.55370.5.1,PM10,http://dd.eionet.europa.eu/vocabulary/aq/pollutant/5,day,14.5700101800,µg/m3,2013-09-01 00:00:00 +01:00,2013-09-02 00:00:00 +01:00,1,1
AT,AT.0008.20.AQ,NET.09,STA.09.AKC,,SPO.09.AKC.55370.5.1,SPP.09.AKC.55370.5.1.5258,SAM.09.AKC.55370.5.1,PM10,http://dd.eionet.europa.eu/vocabulary/aq/pollutant/5,day,21.5450000700,µg/m3,2013-09-05 00:00:00 +01:00,2013-09-06 00:00:00 +01:00,1,1
AT,AT.0008.20.AQ,NET.09,STA.09.AKC,,SPO.09.AKC.55370.5.1,SPP.09.AKC.55370.5.1.5258,SAM.09.AKC.55370.5.1,PM10,http://dd.eionet.europa.eu/vocabulary/aq/pollutant/5,day,25.5620098100,µg/m3,2013-08-07 00:00:00 +01:00,2013-08-08 00:00:00 +01:00,1,1
AT,AT.0008.20.AQ,NET.09,STA.09.AKC,,SPO.09.AKC.55370.5.1,SPP.09.AKC.55370.5.1.5258,SAM.09.AKC.55370.5.1,PM10,http://dd.eionet.europa.eu/vocabulary/aq/pollutant/5,day,4.4519991800,µg/m3,2013-06-25 00:00:00 +01:00,2013-06-26 00:00:00 +01:00,1,1
AT,AT.0008.20.AQ,NET.09,STA.09.AKC,,SPO.09.AKC.55370.5.1,SPP.09.AKC.55370.5.1.5258,SAM.09.AKC.55370.5.1,PM10,http://dd.eionet.europa.eu/vocabulary/aq/pollutant/5,day,10.3879995300,µg/m3,2013-07-04 00:00:00 +01:00,2013-07-05 00:00:00 +01:00,1,1
AT,AT.0008.20.AQ,NET.09,STA.09.AKC,,SPO.09.AKC.55370.5.1,SPP.09.AKC.55370.5.1.5258,SAM.09.AKC.55370.5.1,PM10,http://dd.eionet.europa.eu/vocabulary/aq/pollutant/5,day,20.6489906300,µg/m3,2013-07-09 00:00:00 +01:00,2013-07-10 00:00:00 +01:00,1,1
AT,AT.0008.20.AQ,NET.09,STA.09.AKC,,SPO.09.AKC.55370.5.1,SPP.09.AKC.55370.5.1.5258,SAM.09.AKC.55370.5.1,PM10,http://dd.eionet.europa.eu/vocabulary/aq/pollutant/5,day,12.0699996900,µg/m3,2013-07-12 00:00:00 +01:00,2013-07-13 00:00:00 +01:00,1,1
AT,AT.0008.20.AQ,NET.09,STA.09.AKC,,SPO.09.AKC.55370.5.1,SPP.09.AKC.55370.5.1.5258,SAM.09.AKC.55370.5.1,PM10,http://dd.eionet.europa.eu/vocabulary/aq/pollutant/5,day,17.1859893700,µg/m3,2013-07-15 00:00:00 +01:00,2013-07-16 00:00:00 +01:00,1,1
AT,AT.0008.20.AQ,NET.09,STA.09.AKC,,SPO.09.AKC.55370.5.1,SPP.09.AKC.55370.5.1.5258,SAM.09.AKC.55370.5.1,PM10,http://dd.eionet.europa.eu/vocabulary/aq/pollutant/5,day,14.2770004200,µg/m3,2013-07-16 00:00:00 +01:00,2013-07-17 00:00:00 +01:00,1,1
AT,AT.0008.20.AQ,NET.09,STA.09.AKC,,SPO.09.AKC.55370.5.1,SPP.09.AKC.55370.5.1.5258,SAM.09.AKC.55370.5.1,PM10,http://dd.eionet.europa.eu/vocabulary/aq/pollutant/5,day,10.1660099000,µg/m3,2013-08-20 00:00:00 +01:00,2013-08-21 00:00:00 +01:00,1,1
AT,AT.0008.20.AQ,NET.09,STA.09.AKC,,SPO.09.AKC.55370.5.1,SPP.09.AKC.55370.5.1.5258,SAM.09.AKC.55370.5.1,PM10,http://dd.eionet.europa.eu/vocabulary/aq/pollutant/5,day,20.4659996000,µg/m3,2013-08-22 00:00:00 +01:00,2013-08-23 00:00:00 +01:00,1,1
AT,AT.0008.20.AQ,NET.09,STA.09.AKC,,SPO.09.AKC.55370.5.1,SPP.09.AKC.55370.5.1.5258,SAM.09.AKC.55370.5.1,PM10,http://dd.eionet.europa.eu/vocabulary/aq/pollutant/5,day,15.0710000900,µg/m3,2013-07-22 00:00:00 +01:00,2013-07-23 00:00:00 +01:00,1,1
AT,AT.0008.20.AQ,NET.09,STA.09.AKC,,SPO.09.AKC.55370.5.1,SPP.09.AKC.55370.5.1.5258,SAM.09.AKC.55370.5.1,PM10,http://dd.eionet.europa.eu/vocabulary/aq/pollutant/5,day,24.1500091500,µg/m3,2013-06-21 00:00:00 +01:00,2013-06-22 00:00:00 +01:00,1,1
AT,AT.0008.20.AQ,NET.09,STA.09.AKC,,SPO.09.AKC.55370.5.1,SPP.09.AKC.55370.5.1.5258,SAM.09.AKC.55370.5.1,PM10,http://dd.eionet.europa.eu/vocabulary/aq/pollutant/5,day,14.9429903000,µg/m3,2013-08-01 00:00:00 +01:00,2013-08-02 00:00:00 +01:00,1,1
AT,AT.0008.20.AQ,NET.09,STA.09.AKC,,SPO.09.AKC.55370.5.1,SPP.09.AKC.55370.5.1.5258,SAM.09.AKC.55370.5.1,PM10,http://dd.eionet.europa.eu/vocabulary/aq/pollutant/5,day,13.2889995500,µg/m3,2013-06-14 00:00:00 +01:00,2013-06-15 00:00:00 +01:00,1,1
AT,AT.0008.20.AQ,NET.09,STA.09.AKC,,SPO.09.AKC.55370.5.1,SPP.09.AKC.55370.5.1.5258,SAM.09.AKC.55370.5.1,PM10,http://dd.eionet.europa.eu/vocabulary/aq/pollutant/5,day,6.6010007800,µg/m3,2013-06-01 00:00:00 +01:00,2013-06-02 00:00:00 +01:00,1,1
AT,AT.0008.20.AQ,NET.09,STA.09.AKC,,SPO.09.AKC.55370.5.1,SPP.09.AKC.55370.5.1.5258,SAM.09.AKC.55370.5.1,PM10,http://dd.eionet.europa.eu/vocabulary/aq/pollutant/5,day,11.4409999800,µg/m3,2013-06-10 00:00:00 +01:00,2013-06-11 00:00:00 +01:00,1,1
AT,AT.0008.20.AQ,NET.09,STA.09.AKC,,SPO.09.AKC.55370.5.1,SPP.09.AKC.55370.5.1.5258,SAM.09.AKC.55370.5.1,PM10,http://dd.eionet.europa.eu/vocabulary/aq/pollutant/5,day,17.3799991600,µg/m3,2013-07-20 00:00:00 +01:00,2013-07-21 00:00:00 +01:00,1,1
AT,AT.0008.20.AQ,NET.09,STA.09.AKC,,SPO.09.AKC.55370.5.1,SPP.09.AKC.55370.5.1.5258,SAM.09.AKC.55370.5.1,PM10,http://dd.eionet.europa.eu/vocabulary/aq/pollutant/5,day,23.6070003500,µg/m3,2013-06-08 00:00:00 +01:00,2013-06-09 00:00:00 +01:00,1,1
AT,AT.0008.20.AQ,NET.09,STA.09.AKC,,SPO.09.AKC.55370.5.1,SPP.09.AKC.55370.5.1.5258,SAM.09.AKC.55370.5.1,PM10,http://dd.eionet.europa.eu/vocabulary/aq/pollutant/5,day,12.3199996900,µg/m3,2013-07-21 00:00:00 +01:00,2013-07-22 00:00:00 +01:00,1,1
AT,AT.0008.20.AQ,NET.09,STA.09.AKC,,SPO.09.AKC.55370.5.1,SPP.09.AKC.55370.5.1.5258,SAM.09.AKC.55370.5.1,PM10,http://dd.eionet.europa.eu/vocabulary/aq/pollutant/5,day,18.6700000700,µg/m3,2013-06-09 00:00:00 +01:00,2013-06-10 00:00:00 +01:00,1,1
AT,AT.0008.20.AQ,NET.09,STA.09.AKC,,SPO.09.AKC.55370.5.1,SPP.09.AKC.55370.5.1.5258,SAM.09.AKC.55370.5.1,PM10,http://dd.eionet.europa.eu/vocabulary/aq/pollutant/5,day,24.3090000100,µg/m3,2013-07-10 00:00:00 +01:00,2013-07-11 00:00:00 +01:00,1,1
AT,AT.0008.20.AQ,NET.09,STA.09.AKC,,SPO.09.AKC.55370.5.1,SPP.09.AKC.55370.5.1.5258,SAM.09.AKC.55370.5.1,PM10,http://dd.eionet.europa.eu/vocabulary/aq/pollutant/5,day,18.6489906300,µg/m3,2013-07-08 00:00:00 +01:00,2013-07-09 00:00:00 +01:00,1,1
AT,AT.0008.20.AQ,NET.09,STA.09.AKC,,SPO.09.AKC.55370.5.1,SPP.09.AKC.55370.5.1.5258,SAM.09.AKC.55370.5.1,PM10,http://dd.eionet.europa.eu/vocabulary/aq/pollutant/5,day,15.6300001100,µg/m3,2013-07-11 00:00:00 +01:00,2013-07-12 00:00:00 +01:00,1,1
AT,AT.0008.20.AQ,NET.09,STA.09.AKC,,SPO.09.AKC.55370.5.1,SPP.09.AKC.55370.5.1.5258,SAM.09.AKC.55370.5.1,PM10,http://dd.eionet.europa.eu/vocabulary/aq/pollutant/5,day,6.2680029800,µg/m3,2013-05-30 00:00:00 +01:00,2013-05-31 00:00:00 +01:00,1,1
AT,AT.0008.20.AQ,NET.09,STA.09.AKC,,SPO.09.AKC.55370.5.1,SPP.09.AKC.55370.5.1.5258,SAM.09.AKC.55370.5.1,PM10,http://dd.eionet.europa.eu/vocabulary/aq/pollutant/5,day,11.8140001200,µg/m3,2013-06-12 00:00:00 +01:00,2013-06-13 00:00:00 +01:00,1,1
AT,AT.0008.20.AQ,NET.09,STA.09.AKC,,SPO.09.AKC.55370.5.1,SPP.09.AKC.55370.5.1.5258,SAM.09.AKC.55370.5.1,PM10,http://dd.eionet.europa.eu/vocabulary/aq/pollutant/5,day,43.6490211400,µg/m3,2013-06-20 00:00:00 +01:00,2013-06-21 00:00:00 +01:00,1,1
AT,AT.0008.20.AQ,NET.09,STA.09.AKC,,SPO.09.AKC.55370.5.1,SPP.09.AKC.55370.5.1.5258,SAM.09.AKC.55370.5.1,PM10,http://dd.eionet.europa.eu/vocabulary/aq/pollutant/5,day,12.6040000900,µg/m3,2013-06-23 00:00:00 +01:00,2013-06-24 00:00:00 +01:00,1,1
AT,AT.0008.20.AQ,NET.09,STA.09.AKC,,SPO.09.AKC.55370.5.1,SPP.09.AKC.55370.5.1.5258,SAM.09.AKC.55370.5.1,PM10,http://dd.eionet.europa.eu/vocabulary/aq/pollutant/5,day,9.0140047000,µg/m3,2013-05-11 00:00:00 +01:00,2013-05-12 00:00:00 +01:00,1,1
AT,AT.0008.20.AQ,NET.09,STA.09.AKC,,SPO.09.AKC.55370.5.1,SPP.09.AKC.55370.5.1.5258,SAM.09.AKC.55370.5.1,PM10,http://dd.eionet.europa.eu/vocabulary/aq/pollutant/5,day,10.0080003700,µg/m3,2013-05-18 00:00:00 +01:00,2013-05-19 00:00:00 +01:00,1,1
AT,AT.0008.20.AQ,NET.09,STA.09.AKC,,SPO.09.AKC.55370.5.1,SPP.09.AKC.55370.5.1.5258,SAM.09.AKC.55370.5.1,PM10,http://dd.eionet.europa.eu/vocabulary/aq/pollutant/5,day,8.7560033700,µg/m3,2013-05-25 00:00:00 +01:00,2013-05-26 00:00:00 +01:00,1,1
AT,AT.0008.20.AQ,NET.09,STA.09.AKC,,SPO.09.AKC.55370.5.1,SPP.09.AKC.55370.5.1.5258,SAM.09.AKC.55370.5.1,PM10,http://dd.eionet.europa.eu/vocabulary/aq/pollutant/5,day,10.5179996400,µg/m3,2013-05-14 00:00:00 +01:00,2013-05-15 00:00:00 +01:00,1,1
AT,AT.0008.20.AQ,NET.09,STA.09.AKC,,SPO.09.AKC.55370.5.1,SPP.09.AKC.55370.5.1.5258,SAM.09.AKC.55370.5.1,PM10,http://dd.eionet.europa.eu/vocabulary/aq/pollutant/5,day,40.6169700600,µg/m3,2013-03-10 00:00:00 +01:00,2013-03-11 00:00:00 +01:00,1,1
AT,AT.0008.20.AQ,NET.09,STA.09.AKC,,SPO.09.AKC.55370.5.1,SPP.09.AKC.55370.5.1.5258,SAM.09.AKC.55370.5.1,PM10,http://dd.eionet.europa.eu/vocabulary/aq/pollutant/5,day,15.8640098500,µg/m3,2013-03-11 00:00:00 +01:00,2013-03-12 00:00:00 +01:00,1,1
AT,AT.0008.20.AQ,NET.09,STA.09.AKC,,SPO.09.AKC.55370.5.1,SPP.09.AKC.55370.5.1.5258,SAM.09.AKC.55370.5.1,PM10,http://dd.eionet.europa.eu/vocabulary/aq/pollutant/5,day,17.9019908900,µg/m3,2013-05-16 00:00:00 +01:00,2013-05-17 00:00:00 +01:00,1,1
AT,AT.0008.20.AQ,NET.09,STA.09.AKC,,SPO.09.AKC.55370.5.1,SPP.09.AKC.55370.5.1.5258,SAM.09.AKC.55370.5.1,PM10,http://dd.eionet.europa.eu/vocabulary/aq/pollutant/5,day,58.8300094600,µg/m3,2013-03-13 00:00:00 +01:00,2013-03-14 00:00:00 +01:00,1,1
AT,AT.0008.20.AQ,NET.09,STA.09.AKC,,SPO.09.AKC.55370.5.1,SPP.09.AKC.55370.5.1.5258,SAM.09.AKC.55370.5.1,PM10,http://dd.eionet.europa.eu/vocabulary/aq/pollutant/5,day,30.2549991600,µg/m3,2013-04-25 00:00:00 +01:00,2013-04-26 00:00:00 +01:00,1,1
AT,AT.0008.20.AQ,NET.09,STA.09.AKC,,SPO.09.AKC.55370.5.1,SPP.09.AKC.55370.5.1.5258,SAM.09.AKC.55370.5.1,PM10,http://dd.eionet.europa.eu/vocabulary/aq/pollutant/5,day,13.2639999300,µg/m3,2013-06-06 00:00:00 +01:00,2013-06-07 00:00:00 +01:00,1,1
AT,AT.0008.20.AQ,NET.09,STA.09.AKC,,SPO.09.AKC.55370.5.1,SPP.09.AKC.55370.5.1.5258,SAM.09.AKC.55370.5.1,PM10,http://dd.eionet.europa.eu/vocabulary/aq/pollutant/5,day,12.5310001300,µg/m3,2013-05-24 00:00:00 +01:00,2013-05-25 00:00:00 +01:00,1,1
AT,AT.0008.20.AQ,NET.09,STA.09.AKC,,SPO.09.AKC.55370.5.1,SPP.09.AKC.55370.5.1.5258,SAM.09.AKC.55370.5.1,PM10,http://dd.eionet.europa.eu/vocabulary/aq/pollutant/5,day,10.4979896500,µg/m3,2013-05-23 00:00:00 +01:00,2013-05-24 00:00:00 +01:00,1,1
AT,AT.0008.20.AQ,NET.09,STA.09.AKC,,SPO.09.AKC.55370.5.1,SPP.09.AKC.55370.5.1.5258,SAM.09.AKC.55370.5.1,PM10,http://dd.eionet.europa.eu/vocabulary/aq/pollutant/5,day,8.2179965900,µg/m3,2013-05-22 00:00:00 +01:00,2013-05-23 00:00:00 +01:00,1,1
AT,AT.0008.20.AQ,NET.09,STA.09.AKC,,SPO.09.AKC.55370.5.1,SPP.09.AKC.55370.5.1.5258,SAM.09.AKC.55370.5.1,PM10,http://dd.eionet.europa.eu/vocabulary/aq/pollutant/5,day,11.6800003000,µg/m3,2013-05-26 00:00:00 +01:00,2013-05-27 00:00:00 +01:00,1,1
AT,AT.0008.20.AQ,NET.09,STA.09.AKC,,SPO.09.AKC.55370.5.1,SPP.09.AKC.55370.5.1.5258,SAM.09.AKC.55370.5.1,PM10,http://dd.eionet.europa.eu/vocabulary/aq/pollutant/5,day,13.1630001000,µg/m3,2013-05-28 00:00:00 +01:00,2013-05-29 00:00:00 +01:00,1,1
AT,AT.0008.20.AQ,NET.09,STA.09.AKC,,SPO.09.AKC.55370.5.1,SPP.09.AKC.55370.5.1.5258,SAM.09.AKC.55370.5.1,PM10,http://dd.eionet.europa.eu/vocabulary/aq/pollutant/5,day,21.4419994300,µg/m3,2013-02-21 00:00:00 +01:00,2013-02-22 00:00:00 +01:00,1,1
AT,AT.0008.20.AQ,NET.09,STA.09.AKC,,SPO.09.AKC.55370.5.1,SPP.09.AKC.55370.5.1.5258,SAM.09.AKC.55370.5.1,PM10,http://dd.eionet.europa.eu/vocabulary/aq/pollutant/5,day,34.5899887000,µg/m3,2013-04-26 00:00:00 +01:00,2013-04-27 00:00:00 +01:00,1,1
AT,AT.0008.20.AQ,NET.09,STA.09.AKC,,SPO.09.AKC.55370.5.1,SPP.09.AKC.55370.5.1.5258,SAM.09.AKC.55370.5.1,PM10,http://dd.eionet.europa.eu/vocabulary/aq/pollutant/5,day,42.1259803700,µg/m3,2013-02-17 00:00:00 +01:00,2013-02-18 00:00:00 +01:00,1,1
AT,AT.0008.20.AQ,NET.09,STA.09.AKC,,SPO.09.AKC.55370.5.1,SPP.09.AKC.55370.5.1.5258,SAM.09.AKC.55370.5.1,PM10,http://dd.eionet.europa.eu/vocabulary/aq/pollutant/5,day,12.6450004500,µg/m3,2013-02-01 00:00:00 +01:00,2013-02-02 00:00:00 +01:00,1,1
AT,AT.0008.20.AQ,NET.09,STA.09.AKC,,SPO.09.AKC.55370.5.1,SPP.09.AKC.55370.5.1.5258,SAM.09.AKC.55370.5.1,PM10,http://dd.eionet.europa.eu/vocabulary/aq/pollutant/5,day,20.7630004800,µg/m3,2013-05-07 00:00:00 +01:00,2013-05-08 00:00:00 +01:00,1,1
AT,AT.0008.20.AQ,NET.09,STA.09.AKC,,SPO.09.AKC.55370.5.1,SPP.09.AKC.55370.5.1.5258,SAM.09.AKC.55370.5.1,PM10,http://dd.eionet.europa.eu/vocabulary/aq/pollutant/5,day,30.0159893000,µg/m3,2013-03-03 00:00:00 +01:00,2013-03-04 00:00:00 +01:00,1,1
AT,AT.0008.20.AQ,NET.09,STA.09.AKC,,SPO.09.AKC.55370.5.1,SPP.09.AKC.55370.5.1.5258,SAM.09.AKC.55370.5.1,PM10,http://dd.eionet.europa.eu/vocabulary/aq/pollutant/5,day,28.8120098100,µg/m3,2013-05-06 00:00:00 +01:00,2013-05-07 00:00:00 +01:00,1,1
AT,AT.0008.20.AQ,NET.09,STA.09.AKC,,SPO.09.AKC.55370.5.1,SPP.09.AKC.55370.5.1.5258,SAM.09.AKC.55370.5.1,PM10,http://dd.eionet.europa.eu/vocabulary/aq/pollutant/5,day,23.2379894200,µg/m3,2013-05-08 00:00:00 +01:00,2013-05-09 00:00:00 +01:00,1,1
AT,AT.0008.20.AQ,NET.09,STA.09.AKC,,SPO.09.AKC.55370.5.1,SPP.09.AKC.55370.5.1.5258,SAM.09.AKC.55370.5.1,PM10,http://dd.eionet.europa.eu/vocabulary/aq/pollutant/5,day,24.0939998600,µg/m3,2013-05-09 00:00:00 +01:00,2013-05-10 00:00:00 +01:00,1,1
AT,AT.0008.20.AQ,NET.09,STA.09.AKC,,SPO.09.AKC.55370.5.1,SPP.09.AKC.55370.5.1.5258,SAM.09.AKC.55370.5.1,PM10,http://dd.eionet.europa.eu/vocabulary/aq/pollutant/5,day,43.1789894100,µg/m3,2013-01-26 00:00:00 +01:00,2013-01-27 00:00:00 +01:00,1,1
AT,AT.0008.20.AQ,NET.09,STA.09.AKC,,SPO.09.AKC.55370.5.1,SPP.09.AKC.55370.5.1.5258,SAM.09.AKC.55370.5.1,PM10,http://dd.eionet.europa.eu/vocabulary/aq/pollutant/5,day,73.0559768600,µg/m3,2013-01-27 00:00:00 +01:00,2013-01-28 00:00:00 +01:00,1,1
AT,AT.0008.20.AQ,NET.09,STA.09.AKC,,SPO.09.AKC.55370.5.1,SPP.09.AKC.55370.5.1.5258,SAM.09.AKC.55370.5.1,PM10,http://dd.eionet.europa.eu/vocabulary/aq/pollutant/5,day,81.6640472400,µg/m3,2013-01-28 00:00:00 +01:00,2013-01-29 00:00:00 +01:00,1,1
AT,AT.0008.20.AQ,NET.09,STA.09.AKC,,SPO.09.AKC.55370.5.1,SPP.09.AKC.55370.5.1.5258,SAM.09.AKC.55370.5.1,PM10,http://dd.eionet.europa.eu/vocabulary/aq/pollutant/5,day,38.9339904700,µg/m3,2013-01-19 00:00:00 +01:00,2013-01-20 00:00:00 +01:00,1,1
AT,AT.0008.20.AQ,NET.09,STA.09.AKC,,SPO.09.AKC.55370.5.1,SPP.09.AKC.55370.5.1.5258,SAM.09.AKC.55370.5.1,PM10,http://dd.eionet.europa.eu/vocabulary/aq/pollutant/5,day,31.9150104500,µg/m3,2013-01-16 00:00:00 +01:00,2013-01-17 00:00:00 +01:00,1,1
AT,AT.0008.20.AQ,NET.09,STA.09.AKC,,SPO.09.AKC.55370.5.1,SPP.09.AKC.55370.5.1.5258,SAM.09.AKC.55370.5.1,PM10,http://dd.eionet.europa.eu/vocabulary/aq/pollutant/5,day,3.6779990100,µg/m3,2013-01-06 00:00:00 +01:00,2013-01-07 00:00:00 +01:00,1,1
AT,AT.0008.20.AQ,NET.09,STA.09.AKC,,SPO.09.AKC.55370.5.1,SPP.09.AKC.55370.5.1.5258,SAM.09.AKC.55370.5.1,PM10,http://dd.eionet.europa.eu/vocabulary/aq/pollutant/5,day,35.2900085400,µg/m3,2013-01-08 00:00:00 +01:00,2013-01-09 00:00:00 +01:00,1,1
AT,AT.0008.20.AQ,NET.09,STA.09.AKC,,SPO.09.AKC.55370.5.1,SPP.09.AKC.55370.5.1.5258,SAM.09.AKC.55370.5.1,PM10,http://dd.eionet.europa.eu/vocabulary/aq/pollutant/5,day,11.2080097100,µg/m3,2013-01-03 00:00:00 +01:00,2013-01-04 00:00:00 +01:00,1,1
AT,AT.0008.20.AQ,NET.09,STA.09.AKC,,SPO.09.AKC.55370.5.1,SPP.09.AKC.55370.5.1.5258,SAM.09.AKC.55370.5.1,PM10,http://dd.eionet.europa.eu/vocabulary/aq/pollutant/5,day,3.9759991100,µg/m3,2013-01-05 00:00:00 +01:00,2013-01-06 00:00:00 +01:00,1,1
AT,AT.0008.20.AQ,NET.09,STA.09.AKC,,SPO.09.AKC.55370.5.1,SPP.09.AKC.55370.5.1.5258,SAM.09.AKC.55370.5.1,PM10,http://dd.eionet.europa.eu/vocabulary/aq/pollutant/5,day,31.0610008200,µg/m3,2013-01-02 00:00:00 +01:00,2013-01-03 00:00:00 +01:00,1,1
AT,AT.0008.20.AQ,NET.09,STA.09.AKC,,SPO.09.AKC.55370.5.1,SPP.09.AKC.55370.5.1.5258,SAM.09.AKC.55370.5.1,PM10,http://dd.eionet.europa.eu/vocabulary/aq/pollutant/5,day,69.9860229400,µg/m3,2013-01-01 00:00:00 +01:00,2013-01-02 00:00:00 +01:00,1,1
AT,AT.0008.20.AQ,NET.09,STA.09.AKC,,SPO.09.AKC.55370.5.1,SPP.09.AKC.55370.5.1.5258,SAM.09.AKC.55370.5.1,PM10,http://dd.eionet.europa.eu/vocabulary/aq/pollutant/5,day,6.9049987700,µg/m3,2013-02-03 00:00:00 +01:00,2013-02-04 00:00:00 +01:00,1,1
AT,AT.0008.20.AQ,NET.09,STA.09.AKC,,SPO.09.AKC.55370.5.1,SPP.09.AKC.55370.5.1.5258,SAM.09.AKC.55370.5.1,PM10,http://dd.eionet.europa.eu/vocabulary/aq/pollutant/5,day,36.3869895900,µg/m3,2013-04-02 00:00:00 +01:00,2013-04-03 00:00:00 +01:00,1,1
AT,AT.0008.20.AQ,NET.09,STA.09.AKC,,SPO.09.AKC.55370.5.1,SPP.09.AKC.55370.5.1.5258,SAM.09.AKC.55370.5.1,PM10,http://dd.eionet.europa.eu/vocabulary/aq/pollutant/5,day,21.5999908400,µg/m3,2013-03-04 00:00:00 +01:00,2013-03-05 00:00:00 +01:00,1,1
AT,AT.0008.20.AQ,NET.09,STA.09.AKC,,SPO.09.AKC.55370.5.1,SPP.09.AKC.55370.5.1.5258,SAM.09.AKC.55370.5.1,PM10,http://dd.eionet.europa.eu/vocabulary/aq/pollutant/5,day,24.8209991400,µg/m3,2013-02-27 00:00:00 +01:00,2013-02-28 00:00:00 +01:00,1,1
AT,AT.0008.20.AQ,NET.09,STA.09.AKC,,SPO.09.AKC.55370.5.1,SPP.09.AKC.55370.5.1.5258,SAM.09.AKC.55370.5.1,PM10,http://dd.eionet.europa.eu/vocabulary/aq/pollutant/5,day,44.8129882800,µg/m3,2013-02-26 00:00:00 +01:00,2013-02-27 00:00:00 +01:00,1,1
AT,AT.0008.20.AQ,NET.09,STA.09.AKC,,SPO.09.AKC.55370.5.1,SPP.09.AKC.55370.5.1.5258,SAM.09.AKC.55370.5.1,PM10,http://dd.eionet.europa.eu/vocabulary/aq/pollutant/5,day,29.9150104500,µg/m3,2013-04-08 00:00:00 +01:00,2013-04-09 00:00:00 +01:00,1,1
AT,AT.0008.20.AQ,NET.09,STA.09.AKC,,SPO.09.AKC.55370.5.1,SPP.09.AKC.55370.5.1.5258,SAM.09.AKC.55370.5.1,PM10,http://dd.eionet.europa.eu/vocabulary/aq/pollutant/5,day,42.5250205900,µg/m3,2013-02-19 00:00:00 +01:00,2013-02-20 00:00:00 +01:00,1,1
AT,AT.0008.20.AQ,NET.09,STA.09.AKC,,SPO.09.AKC.55370.5.1,SPP.09.AKC.55370.5.1.5258,SAM.09.AKC.55370.5.1,PM10,http://dd.eionet.europa.eu/vocabulary/aq/pollutant/5,day,17.2150096800,µg/m3,2013-04-12 00:00:00 +01:00,2013-04-13 00:00:00 +01:00,1,1
AT,AT.0008.20.AQ,NET.09,STA.09.AKC,,SPO.09.AKC.55370.5.1,SPP.09.AKC.55370.5.1.5258,SAM.09.AKC.55370.5.1,PM10,http://dd.eionet.europa.eu/vocabulary/aq/pollutant/5,day,65.5429763700,µg/m3,2013-02-22 00:00:00 +01:00,2013-02-23 00:00:00 +01:00,1,1
AT,AT.0008.20.AQ,NET.09,STA.09.AKC,,SPO.09.AKC.55370.5.1,SPP.09.AKC.55370.5.1.5258,SAM.09.AKC.55370.5.1,PM10,http://dd.eionet.europa.eu/vocabulary/aq/pollutant/5,day,46.6009902900,µg/m3,2013-03-30 00:00:00 +01:00,2013-03-31 00:00:00 +01:00,1,1
AT,AT.0008.20.AQ,NET.09,STA.09.AKC,,SPO.09.AKC.55370.5.1,SPP.09.AKC.55370.5.1.5258,SAM.09.AKC.55370.5.1,PM10,http://dd.eionet.europa.eu/vocabulary/aq/pollutant/5,day,33.1529884300,µg/m3,2013-03-31 00:00:00 +01:00,2013-04-01 00:00:00 +01:00,1,1
AT,AT.0008.20.AQ,NET.09,STA.09.AKC,,SPO.09.AKC.55370.5.1,SPP.09.AKC.55370.5.1.5258,SAM.09.AKC.55370.5.1,PM10,http://dd.eionet.europa.eu/vocabulary/aq/pollutant/5,day,22.9570198000,µg/m3,2013-03-06 00:00:00 +01:00,2013-03-07 00:00:00 +01:00,1,1
AT,AT.0008.20.AQ,NET.09,STA.09.AKC,,SPO.09.AKC.55370.5.1,SPP.09.AKC.55370.5.1.5258,SAM.09.AKC.55370.5.1,PM10,http://dd.eionet.europa.eu/vocabulary/aq/pollutant/5,day,66.6760177600,µg/m3,2013-01-20 00:00:00 +01:00,2013-01-21 00:00:00 +01:00,1,1
AT,AT.0008.20.AQ,NET.09,STA.09.AKC,,SPO.09.AKC.55370.5.1,SPP.09.AKC.55370.5.1.5258,SAM.09.AKC.55370.5.1,PM10,http://dd.eionet.europa.eu/vocabulary/aq/pollutant/5,day,26.6030101700,µg/m3,2013-01-14 00:00:00 +01:00,2013-01-15 00:00:00 +01:00,1,1
AT,AT.0008.20.AQ,NET.09,STA.09.AKC,,SPO.09.AKC.55370.5.1,SPP.09.AKC.55370.5.1.5258,SAM.09.AKC.55370.5.1,PM10,http://dd.eionet.europa.eu/vocabulary/aq/pollutant/5,day,11.3400001500,µg/m3,2013-04-14 00:00:00 +01:00,2013-04-15 00:00:00 +01:00,1,1
AT,AT.0008.20.AQ,NET.09,STA.09.AKC,,SPO.09.AKC.55370.5.1,SPP.09.AKC.55370.5.1.5258,SAM.09.AKC.55370.5.1,PM10,http://dd.eionet.europa.eu/vocabulary/aq/pollutant/5,day,21.9650096800,µg/m3,2013-04-15 00:00:00 +01:00,2013-04-16 00:00:00 +01:00,1,1
AT,AT.0008.20.AQ,NET.09,STA.09.AKC,,SPO.09.AKC.55370.5.1,SPP.09.AKC.55370.5.1.5258,SAM.09.AKC.55370.5.1,PM10,http://dd.eionet.europa.eu/vocabulary/aq/pollutant/5,day,23.6519908900,µg/m3,2013-04-19 00:00:00 +01:00,2013-04-20 00:00:00 +01:00,1,1
AT,AT.0008.20.AQ,NET.09,STA.09.AKC,,SPO.09.AKC.55370.5.1,SPP.09.AKC.55370.5.1.5258,SAM.09.AKC.55370.5.1,PM10,http://dd.eionet.europa.eu/vocabulary/aq/pollutant/5,day,34.6240081700,µg/m3,2013-04-09 00:00:00 +01:00,2013-04-10 00:00:00 +01:00,1,1
AT,AT.0008.20.AQ,NET.09,STA.09.AKC,,SPO.09.AKC.55370.5.1,SPP.09.AKC.55370.5.1.5258,SAM.09.AKC.55370.5.1,PM10,http://dd.eionet.europa.eu/vocabulary/aq/pollutant/5,day,13.0600004100,µg/m3,2013-01-07 00:00:00 +01:00,2013-01-08 00:00:00 +01:00,1,1
AT,AT.0008.20.AQ,NET.09,STA.09.AKC,,SPO.09.AKC.55370.5.1,SPP.09.AKC.55370.5.1.5258,SAM.09.AKC.55370.5.1,PM10,http://dd.eionet.europa.eu/vocabulary/aq/pollutant/5,day,31.9859905200,µg/m3,2013-04-07 00:00:00 +01:00,2013-04-08 00:00:00 +01:00,1,1
AT,AT.0008.20.AQ,NET.09,STA.09.AKC,,SPO.09.AKC.55370.5.1,SPP.09.AKC.55370.5.1.5258,SAM.09.AKC.55370.5.1,PM10,http://dd.eionet.europa.eu/vocabulary/aq/pollutant/5,day,15.2600097600,µg/m3,2013-04-10 00:00:00 +01:00,2013-04-11 00:00:00 +01:00,1,1
AT,AT.0008.20.AQ,NET.09,STA.09.AKC,,SPO.09.AKC.55370.5.1,SPP.09.AKC.55370.5.1.5258,SAM.09.AKC.55370.5.1,PM10,http://dd.eionet.europa.eu/vocabulary/aq/pollutant/5,day,40.8570289600,µg/m3,2013-03-14 00:00:00 +01:00,2013-03-15 00:00:00 +01:00,1,1
AT,AT.0008.20.AQ,NET.09,STA.09.AKC,,SPO.09.AKC.55370.5.1,SPP.09.AKC.55370.5.1.5258,SAM.09.AKC.55370.5.1,PM10,http://dd.eionet.europa.eu/vocabulary/aq/pollutant/5,day,21.1829891200,µg/m3,2013-03-15 00:00:00 +01:00,2013-03-16 00:00:00 +01:00,1,1
AT,AT.0008.20.AQ,NET.09,STA.09.AKC,,SPO.09.AKC.55370.5.1,SPP.09.AKC.55370.5.1.5258,SAM.09.AKC.55370.5.1,PM10,http://dd.eionet.europa.eu/vocabulary/aq/pollutant/5,day,27.0170001900,µg/m3,2013-03-25 00:00:00 +01:00,2013-03-26 00:00:00 +01:00,1,1
AT,AT.0008.20.AQ,NET.09,STA.09.AKC,,SPO.09.AKC.55370.5.1,SPP.09.AKC.55370.5.1.5258,SAM.09.AKC.55370.5.1,PM10,http://dd.eionet.europa.eu/vocabulary/aq/pollutant/5,day,27.2490100800,µg/m3,2013-03-26 00:00:00 +01:00,2013-03-27 00:00:00 +01:00,1,1
AT,AT.0008.20.AQ,NET.09,STA.09.AKC,,SPO.09.AKC.55370.5.1,SPP.09.AKC.55370.5.1.5258,SAM.09.AKC.55370.5.1,PM10,http://dd.eionet.europa.eu/vocabulary/aq/pollutant/5,day,33.2390098500,µg/m3,2013-03-27 00:00:00 +01:00,2013-03-28 00:00:00 +01:00,1,1
AT,AT.0008.20.AQ,NET.09,STA.09.AKC,,SPO.09.AKC.55370.5.1,SPP.09.AKC.55370.5.1.5258,SAM.09.AKC.55370.5.1,PM10,http://dd.eionet.europa.eu/vocabulary/aq/pollutant/5,day,63.7929687500,µg/m3,2013-01-24 00:00:00 +01:00,2013-01-25 00:00:00 +01:00,1,1
AT,AT.0008.20.AQ,NET.09,STA.09.AKC,,SPO.09.AKC.55370.5.1,SPP.09.AKC.55370.5.1.5258,SAM.09.AKC.55370.5.1,PM10,http://dd.eionet.europa.eu/vocabulary/aq/pollutant/5,day,19.2950000700,µg/m3,2013-01-29 00:00:00 +01:00,2013-01-30 00:00:00 +01:00,1,1
AT,AT.0008.20.AQ,NET.09,STA.09.AKC,,SPO.09.AKC.55370.5.1,SPP.09.AKC.55370.5.1.5258,SAM.09.AKC.55370.5.1,PM10,http://dd.eionet.europa.eu/vocabulary/aq/pollutant/5,day,12.0530004500,µg/m3,2013-02-20 00:00:00 +01:00,2013-02-21 00:00:00 +01:00,1,1
AT,AT.0008.20.AQ,NET.09,STA.09.AKC,,SPO.09.AKC.55370.5.1,SPP.09.AKC.55370.5.1.5258,SAM.09.AKC.55370.5.1,PM10,http://dd.eionet.europa.eu/vocabulary/aq/pollutant/5,day,23.5289993200,µg/m3,2013-02-10 00:00:00 +01:00,2013-02-11 00:00:00 +01:00,1,1
AT,AT.0008.20.AQ,NET.09,STA.09.AKC,,SPO.09.AKC.55370.5.1,SPP.09.AKC.55370.5.1.5258,SAM.09.AKC.55370.5.1,PM10,http://dd.eionet.europa.eu/vocabulary/aq/pollutant/5,day,31.0839900900,µg/m3,2013-02-11 00:00:00 +01:00,2013-02-12 00:00:00 +01:00,1,1
AT,AT.0008.20.AQ,NET.09,STA.09.AKC,,SPO.09.AKC.55370.5.1,SPP.09.AKC.55370.5.1.5258,SAM.09.AKC.55370.5.1,PM10,http://dd.eionet.europa.eu/vocabulary/aq/pollutant/5,day,4.9409980700,µg/m3,2013-02-04 00:00:00 +01:00,2013-02-05 00:00:00 +01:00,1,1
AT,AT.0008.20.AQ,NET.09,STA.09.AKC,,SPO.09.AKC.55370.5.1,SPP.09.AKC.55370.5.1.5258,SAM.09.AKC.55370.5.1,PM10,http://dd.eionet.europa.eu/vocabulary/aq/pollutant/5,day,7.6730017600,µg/m3,2013-01-31 00:00:00 +01:00,2013-02-01 00:00:00 +01:00,1,1
AT,AT.0008.20.AQ,NET.09,STA.09.AKC,,SPO.09.AKC.55370.5.1,SPP.09.AKC.55370.5.1.5258,SAM.09.AKC.55370.5.1,PM10,http://dd.eionet.europa.eu/vocabulary/aq/pollutant/5,day,15.2139902100,µg/m3,2013-02-07 00:00:00 +01:00,2013-02-08 00:00:00 +01:00,1,1
AT,AT.0008.20.AQ,NET.09,STA.09.AKC,,SPO.09.AKC.55370.5.1,SPP.09.AKC.55370.5.1.5258,SAM.09.AKC.55370.5.1,PM10,http://dd.eionet.europa.eu/vocabulary/aq/pollutant/5,day,10.2279996800,µg/m3,2013-02-06 00:00:00 +01:00,2013-02-07 00:00:00 +01:00,1,1
AT,AT.0008.20.AQ,NET.09,STA.09.AKC,,SPO.09.AKC.55370.5.1,SPP.09.AKC.55370.5.1.5258,SAM.09.AKC.55370.5.1,PM10,http://dd.eionet.europa.eu/vocabulary/aq/pollutant/5,day,13.7989997800,µg/m3,2013-02-05 00:00:00 +01:00,2013-02-06 00:00:00 +01:00,1,1
AT,AT.0008.20.AQ,NET.09,STA.09.AKC,,SPO.09.AKC.55370.5.1,SPP.09.AKC.55370.5.1.5258,SAM.09.AKC.55370.5.1,PM10,http://dd.eionet.europa.eu/vocabulary/aq/pollutant/5,day,31.2849998400,µg/m3,2013-04-03 00:00:00 +01:00,2013-04-04 00:00:00 +01:00,1,1
AT,AT.0008.20.AQ,NET.09,STA.09.AKC,,SPO.09.AKC.55370.5.1,SPP.09.AKC.55370.5.1.5258,SAM.09.AKC.55370.5.1,PM10,http://dd.eionet.europa.eu/vocabulary/aq/pollutant/5,day,37.6930007900,µg/m3,2013-04-05 00:00:00 +01:00,2013-04-06 00:00:00 +01:00,1,1
AT,AT.0008.20.AQ,NET.09,STA.09.AKC,,SPO.09.AKC.55370.5.1,SPP.09.AKC.55370.5.1.5258,SAM.09.AKC.55370.5.1,PM10,http://dd.eionet.europa.eu/vocabulary/aq/pollutant/5,day,26.5330009400,µg/m3,2013-03-20 00:00:00 +01:00,2013-03-21 00:00:00 +01:00,1,1
AT,AT.0008.20.AQ,NET.09,STA.09.AKC,,SPO.09.AKC.55370.5.1,SPP.09.AKC.55370.5.1.5258,SAM.09.AKC.55370.5.1,PM10,http://dd.eionet.europa.eu/vocabulary/aq/pollutant/5,day,11.9209995200,µg/m3,2013-03-21 00:00:00 +01:00,2013-03-22 00:00:00 +01:00,1,1
AT,AT.0008.20.AQ,NET.09,STA.09.AKC,,SPO.09.AKC.55370.5.1,SPP.09.AKC.55370.5.1.5258,SAM.09.AKC.55370.5.1,PM10,http://dd.eionet.europa.eu/vocabulary/aq/pollutant/5,day,24.8560009000,µg/m3,2013-03-16 00:00:00 +01:00,2013-03-17 00:00:00 +01:00,1,1
AT,AT.0008.20.AQ,NET.09,STA.09.AKC,,SPO.09.AKC.55370.5.1,SPP.09.AKC.55370.5.1.5258,SAM.09.AKC.55370.5.1,PM10,http://dd.eionet.europa.eu/vocabulary/aq/pollutant/5,day,34.0649795500,µg/m3,2013-03-05 00:00:00 +01:00,2013-03-06 00:00:00 +01:00,1,1
AT,AT.0008.20.AQ,NET.09,STA.09.AKC,,SPO.09.AKC.55370.5.1,SPP.09.AKC.55370.5.1.5258,SAM.09.AKC.55370.5.1,PM10,http://dd.eionet.europa.eu/vocabulary/aq/pollutant/5,day,19.1290092400,µg/m3,2013-03-07 00:00:00 +01:00,2013-03-08 00:00:00 +01:00,1,1
AT,AT.0008.20.AQ,NET.09,STA.09.AKC,,SPO.09.AKC.55370.5.1,SPP.09.AKC.55370.5.1.5258,SAM.09.AKC.55370.5.1,PM10,http://dd.eionet.europa.eu/vocabulary/aq/pollutant/5,day,59.4050292900,µg/m3,2013-03-09 00:00:00 +01:00,2013-03-10 00:00:00 +01:00,1,1
AT,AT.0008.20.AQ,NET.09,STA.09.AKC,,SPO.09.AKC.55370.5.1,SPP.09.AKC.55370.5.1.5258,SAM.09.AKC.55370.5.1,PM10,http://dd.eionet.europa.eu/vocabulary/aq/pollutant/5,day,19.0549907600,µg/m3,2013-03-02 00:00:00 +01:00,2013-03-03 00:00:00 +01:00,1,1
AT,AT.0008.20.AQ,NET.09,STA.09.AKC,,SPO.09.AKC.55370.5.1,SPP.09.AKC.55370.5.1.5258,SAM.09.AKC.55370.5.1,PM10,http://dd.eionet.europa.eu/vocabulary/aq/pollutant/5,day,7.1329979800,µg/m3,2013-04-13 00:00:00 +01:00,2013-04-14 00:00:00 +01:00,1,1
AT,AT.0008.20.AQ,NET.09,STA.09.AKC,,SPO.09.AKC.55370.5.1,SPP.09.AKC.55370.5.1.5258,SAM.09.AKC.55370.5.1,PM10,http://dd.eionet.europa.eu/vocabulary/aq/pollutant/5,day,19.2180004100,µg/m3,2013-04-16 00:00:00 +01:00,2013-04-17 00:00:00 +01:00,1,1
AT,AT.0008.20.AQ,NET.09,STA.09.AKC,,SPO.09.AKC.55370.5.1,SPP.09.AKC.55370.5.1.5258,SAM.09.AKC.55370.5.1,PM10,http://dd.eionet.europa.eu/vocabulary/aq/pollutant/5,day,47.5870094200,µg/m3,2013-05-02 00:00:00 +01:00,2013-05-03 00:00:00 +01:00,1,1
AT,AT.0008.20.AQ,NET.09,STA.09.AKC,,SPO.09.AKC.55370.5.1,SPP.09.AKC.55370.5.1.5258,SAM.09.AKC.55370.5.1,PM10,http://dd.eionet.europa.eu/vocabulary/aq/pollutant/5,day,16.0520000400,µg/m3,2013-05-03 00:00:00 +01:00,2013-05-04 00:00:00 +01:00,1,1
AT,AT.0008.20.AQ,NET.09,STA.09.AKC,,SPO.09.AKC.55370.5.1,SPP.09.AKC.55370.5.1.5258,SAM.09.AKC.55370.5.1,PM10,http://dd.eionet.europa.eu/vocabulary/aq/pollutant/5,day,31.7670001900,µg/m3,2013-04-24 00:00:00 +01:00,2013-04-25 00:00:00 +01:00,1,1
AT,AT.0008.20.AQ,NET.09,STA.09.AKC,,SPO.09.AKC.55370.5.1,SPP.09.AKC.55370.5.1.5258,SAM.09.AKC.55370.5.1,PM10,http://dd.eionet.europa.eu/vocabulary/aq/pollutant/5,day,32.6999893100,µg/m3,2013-01-17 00:00:00 +01:00,2013-01-18 00:00:00 +01:00,1,1
AT,AT.0008.20.AQ,NET.09,STA.09.AKC,,SPO.09.AKC.55370.5.1,SPP.09.AKC.55370.5.1.5258,SAM.09.AKC.55370.5.1,PM10,http://dd.eionet.europa.eu/vocabulary/aq/pollutant/5,day,48.6819915700,µg/m3,2013-02-13 00:00:00 +01:00,2013-02-14 00:00:00 +01:00,1,1
AT,AT.0008.20.AQ,NET.09,STA.09.AKC,,SPO.09.AKC.55370.5.1,SPP.09.AKC.55370.5.1.5258,SAM.09.AKC.55370.5.1,PM10,http://dd.eionet.europa.eu/vocabulary/aq/pollutant/5,day,12.3140001200,µg/m3,2013-03-19 00:00:00 +01:00,2013-03-20 00:00:00 +01:00,1,1
AT,AT.0008.20.AQ,NET.09,STA.09.AKC,,SPO.09.AKC.55370.5.1,SPP.09.AKC.55370.5.1.5258,SAM.09.AKC.55370.5.1,PM10,http://dd.eionet.europa.eu/vocabulary/aq/pollutant/5,day,29.7709999000,µg/m3,2013-04-04 00:00:00 +01:00,2013-04-05 00:00:00 +01:00,1,1
AT,AT.0008.20.AQ,NET.09,STA.09.AKC,,SPO.09.AKC.55370.5.1,SPP.09.AKC.55370.5.1.5258,SAM.09.AKC.55370.5.1,PM10,http://dd.eionet.europa.eu/vocabulary/aq/pollutant/5,day,30.3909893000,µg/m3,2013-03-24 00:00:00 +01:00,2013-03-25 00:00:00 +01:00,1,1
AT,AT.0008.20.AQ,NET.09,STA.09.AKC,,SPO.09.AKC.55370.5.1,SPP.09.AKC.55370.5.1.5258,SAM.09.AKC.55370.5.1,PM10,http://dd.eionet.europa.eu/vocabulary/aq/pollutant/5,day,17.5960102000,µg/m3,2013-04-11 00:00:00 +01:00,2013-04-12 00:00:00 +01:00,1,1
AT,AT.0008.20.AQ,NET.09,STA.09.AKC,,SPO.09.AKC.55370.5.1,SPP.09.AKC.55370.5.1.5258,SAM.09.AKC.55370.5.1,PM10,http://dd.eionet.europa.eu/vocabulary/aq/pollutant/5,day,39.7519798200,µg/m3,2013-04-23 00:00:00 +01:00,2013-04-24 00:00:00 +01:00,1,1
AT,AT.0008.20.AQ,NET.09,STA.09.AKC,,SPO.09.AKC.55370.5.1,SPP.09.AKC.55370.5.1.5258,SAM.09.AKC.55370.5.1,PM10,http://dd.eionet.europa.eu/vocabulary/aq/pollutant/5,day,15.5516347800,µg/m3,2013-05-15 00:00:00 +01:00,2013-05-16 00:00:00 +01:00,1,1
AT,AT.0008.20.AQ,NET.09,STA.09.AKC,,SPO.09.AKC.55370.5.1,SPP.09.AKC.55370.5.1.5258,SAM.09.AKC.55370.5.1,PM10,http://dd.eionet.europa.eu/vocabulary/aq/pollutant/5,day,15.6129999100,µg/m3,2013-06-28 00:00:00 +01:00,2013-06-29 00:00:00 +01:00,1,1
AT,AT.0008.20.AQ,NET.09,STA.09.AKC,,SPO.09.AKC.55370.5.1,SPP.09.AKC.55370.5.1.5258,SAM.09.AKC.55370.5.1,PM10,http://dd.eionet.europa.eu/vocabulary/aq/pollutant/5,day,16.7869892100,µg/m3,2013-07-06 00:00:00 +01:00,2013-07-07 00:00:00 +01:00,1,1
AT,AT.0008.20.AQ,NET.09,STA.09.AKC,,SPO.09.AKC.55370.5.1,SPP.09.AKC.55370.5.1.5258,SAM.09.AKC.55370.5.1,PM10,http://dd.eionet.europa.eu/vocabulary/aq/pollutant/5,day,24.4090099300,µg/m3,2013-08-24 00:00:00 +01:00,2013-08-25 00:00:00 +01:00,1,1
AT,AT.0008.20.AQ,NET.09,STA.09.AKC,,SPO.09.AKC.55370.5.1,SPP.09.AKC.55370.5.1.5258,SAM.09.AKC.55370.5.1,PM10,http://dd.eionet.europa.eu/vocabulary/aq/pollutant/5,day,28.5080108600,µg/m3,2013-07-27 00:00:00 +01:00,2013-07-28 00:00:00 +01:00,1,1
AT,AT.0008.20.AQ,NET.09,STA.09.AKC,,SPO.09.AKC.55370.5.1,SPP.09.AKC.55370.5.1.5258,SAM.09.AKC.55370.5.1,PM10,http://dd.eionet.europa.eu/vocabulary/aq/pollutant/5,day,11.9680004100,µg/m3,2013-08-10 00:00:00 +01:00,2013-08-11 00:00:00 +01:00,1,1
AT,AT.0008.20.AQ,NET.09,STA.09.AKC,,SPO.09.AKC.55370.5.1,SPP.09.AKC.55370.5.1.5258,SAM.09.AKC.55370.5.1,PM10,http://dd.eionet.europa.eu/vocabulary/aq/pollutant/5,day,19.1840095500,µg/m3,2013-08-19 00:00:00 +01:00,2013-08-20 00:00:00 +01:00,1,1
AT,AT.0008.20.AQ,NET.09,STA.09.AKC,,SPO.09.AKC.55370.5.1,SPP.09.AKC.55370.5.1.5258,SAM.09.AKC.55370.5.1,PM10,http://dd.eionet.europa.eu/vocabulary/aq/pollutant/5,day,14.1949996900,µg/m3,2013-08-21 00:00:00 +01:00,2013-08-22 00:00:00 +01:00,1,1
AT,AT.0008.20.AQ,NET.09,STA.09.AKC,,SPO.09.AKC.55370.5.1,SPP.09.AKC.55370.5.1.5258,SAM.09.AKC.55370.5.1,PM10,http://dd.eionet.europa.eu/vocabulary/aq/pollutant/5,day,19.4340095500,µg/m3,2013-09-08 00:00:00 +01:00,2013-09-09 00:00:00 +01:00,1,1
AT,AT.0008.20.AQ,NET.09,STA.09.AKC,,SPO.09.AKC.55370.5.1,SPP.09.AKC.55370.5.1.5258,SAM.09.AKC.55370.5.1,PM10,http://dd.eionet.europa.eu/vocabulary/aq/pollutant/5,day,14.4699897700,µg/m3,2013-09-04 00:00:00 +01:00,2013-09-05 00:00:00 +01:00,1,1
AT,AT.0008.20.AQ,NET.09,STA.09.AKC,,SPO.09.AKC.55370.5.1,SPP.09.AKC.55370.5.1.5258,SAM.09.AKC.55370.5.1,PM10,http://dd.eionet.europa.eu/vocabulary/aq/pollutant/5,day,14.7189998600,µg/m3,2013-09-02 00:00:00 +01:00,2013-09-03 00:00:00 +01:00,1,1
AT,AT.0008.20.AQ,NET.09,STA.09.AKC,,SPO.09.AKC.55370.5.1,SPP.09.AKC.55370.5.1.5258,SAM.09.AKC.55370.5.1,PM10,http://dd.eionet.europa.eu/vocabulary/aq/pollutant/5,day,19.7620105700,µg/m3,2013-08-18 00:00:00 +01:00,2013-08-19 00:00:00 +01:00,1,1
AT,AT.0008.20.AQ,NET.09,STA.09.AKC,,SPO.09.AKC.55370.5.1,SPP.09.AKC.55370.5.1.5258,SAM.09.AKC.55370.5.1,PM10,http://dd.eionet.europa.eu/vocabulary/aq/pollutant/5,day,16.1130008600,µg/m3,2013-08-16 00:00:00 +01:00,2013-08-17 00:00:00 +01:00,1,1
AT,AT.0008.20.AQ,NET.09,STA.09.AKC,,SPO.09.AKC.55370.5.1,SPP.09.AKC.55370.5.1.5258,SAM.09.AKC.55370.5.1,PM10,http://dd.eionet.europa.eu/vocabulary/aq/pollutant/5,day,11.3269996600,µg/m3,2013-08-15 00:00:00 +01:00,2013-08-16 00:00:00 +01:00,1,1
AT,AT.0008.20.AQ,NET.09,STA.09.AKC,,SPO.09.AKC.55370.5.1,SPP.09.AKC.55370.5.1.5258,SAM.09.AKC.55370.5.1,PM10,http://dd.eionet.europa.eu/vocabulary/aq/pollutant/5,day,19.5230102500,µg/m3,2013-08-12 00:00:00 +01:00,2013-08-13 00:00:00 +01:00,1,1
AT,AT.0008.20.AQ,NET.09,STA.09.AKC,,SPO.09.AKC.55370.5.1,SPP.09.AKC.55370.5.1.5258,SAM.09.AKC.55370.5.1,PM10,http://dd.eionet.europa.eu/vocabulary/aq/pollutant/5,day,13.4090003900,µg/m3,2013-07-31 00:00:00 +01:00,2013-08-01 00:00:00 +01:00,1,1
AT,AT.0008.20.AQ,NET.09,STA.09.AKC,,SPO.09.AKC.55370.5.1,SPP.09.AKC.55370.5.1.5258,SAM.09.AKC.55370.5.1,PM10,http://dd.eionet.europa.eu/vocabulary/aq/pollutant/5,day,7.0880022000,µg/m3,2013-11-25 00:00:00 +01:00,2013-11-26 00:00:00 +01:00,1,1
AT,AT.0008.20.AQ,NET.09,STA.09.AKC,,SPO.09.AKC.55370.5.1,SPP.09.AKC.55370.5.1.5258,SAM.09.AKC.55370.5.1,PM10,http://dd.eionet.europa.eu/vocabulary/aq/pollutant/5,day,35.6970100400,µg/m3,2013-11-02 00:00:00 +01:00,2013-11-03 00:00:00 +01:00,1,1
AT,AT.0008.20.AQ,NET.09,STA.09.AKC,,SPO.09.AKC.55370.5.1,SPP.09.AKC.55370.5.1.5258,SAM.09.AKC.55370.5.1,PM10,http://dd.eionet.europa.eu/vocabulary/aq/pollutant/5,day,16.5750102900,µg/m3,2013-10-29 00:00:00 +01:00,2013-10-30 00:00:00 +01:00,1,1
AT,AT.0008.20.AQ,NET.09,STA.09.AKC,,SPO.09.AKC.55370.5.1,SPP.09.AKC.55370.5.1.5258,SAM.09.AKC.55370.5.1,PM10,http://dd.eionet.europa.eu/vocabulary/aq/pollutant/5,day,51.7199783300,µg/m3,2013-11-16 00:00:00 +01:00,2013-11-17 00:00:00 +01:00,1,1
AT,AT.0008.20.AQ,NET.09,STA.09.AKC,,SPO.09.AKC.55370.5.1,SPP.09.AKC.55370.5.1.5258,SAM.09.AKC.55370.5.1,PM10,http://dd.eionet.europa.eu/vocabulary/aq/pollutant/5,day,25.5980091000,µg/m3,2013-11-12 00:00:00 +01:00,2013-11-13 00:00:00 +01:00,1,1
AT,AT.0008.20.AQ,NET.09,STA.09.AKC,,SPO.09.AKC.55370.5.1,SPP.09.AKC.55370.5.1.5258,SAM.09.AKC.55370.5.1,PM10,http://dd.eionet.europa.eu/vocabulary/aq/pollutant/5,day,12.9079999900,µg/m3,2013-11-09 00:00:00 +01:00,2013-11-10 00:00:00 +01:00,1,1
AT,AT.0008.20.AQ,NET.09,STA.09.AKC,,SPO.09.AKC.55370.5.1,SPP.09.AKC.55370.5.1.5258,SAM.09.AKC.55370.5.1,PM10,http://dd.eionet.europa.eu/vocabulary/aq/pollutant/5,day,34.4539909300,µg/m3,2013-10-25 00:00:00 +01:00,2013-10-26 00:00:00 +01:00,1,1
AT,AT.0008.20.AQ,NET.09,STA.09.AKC,,SPO.09.AKC.55370.5.1,SPP.09.AKC.55370.5.1.5258,SAM.09.AKC.55370.5.1,PM10,http://dd.eionet.europa.eu/vocabulary/aq/pollutant/5,day,34.9730110100,µg/m3,2013-10-21 00:00:00 +01:00,2013-10-22 00:00:00 +01:00,1,1
AT,AT.0008.20.AQ,NET.09,STA.09.AKC,,SPO.09.AKC.55370.5.1,SPP.09.AKC.55370.5.1.5258,SAM.09.AKC.55370.5.1,PM10,http://dd.eionet.europa.eu/vocabulary/aq/pollutant/5,day,43.2819900500,µg/m3,2013-10-10 00:00:00 +01:00,2013-10-11 00:00:00 +01:00,1,1
AT,AT.0008.20.AQ,NET.09,STA.09.AKC,,SPO.09.AKC.55370.5.1,SPP.09.AKC.55370.5.1.5258,SAM.09.AKC.55370.5.1,PM10,http://dd.eionet.europa.eu/vocabulary/aq/pollutant/5,day,15.4670000000,µg/m3,2013-10-13 00:00:00 +01:00,2013-10-14 00:00:00 +01:00,1,1
AT,AT.0008.20.AQ,NET.09,STA.09.AKC,,SPO.09.AKC.55370.5.1,SPP.09.AKC.55370.5.1.5258,SAM.09.AKC.55370.5.1,PM10,http://dd.eionet.europa.eu/vocabulary/aq/pollutant/5,day,42.0159912100,µg/m3,2013-10-08 00:00:00 +01:00,2013-10-09 00:00:00 +01:00,1,1
AT,AT.0008.20.AQ,NET.09,STA.09.AKC,,SPO.09.AKC.55370.5.1,SPP.09.AKC.55370.5.1.5258,SAM.09.AKC.55370.5.1,PM10,http://dd.eionet.europa.eu/vocabulary/aq/pollutant/5,day,17.7919902800,µg/m3,2013-10-04 00:00:00 +01:00,2013-10-05 00:00:00 +01:00,1,1
AT,AT.0008.20.AQ,NET.09,STA.09.AKC,,SPO.09.AKC.55370.5.1,SPP.09.AKC.55370.5.1.5258,SAM.09.AKC.55370.5.1,PM10,http://dd.eionet.europa.eu/vocabulary/aq/pollutant/5,day,24.0590000100,µg/m3,2013-10-01 00:00:00 +01:00,2013-10-02 00:00:00 +01:00,1,1
AT,AT.0008.20.AQ,NET.09,STA.09.AKC,,SPO.09.AKC.55370.5.1,SPP.09.AKC.55370.5.1.5258,SAM.09.AKC.55370.5.1,PM10,http://dd.eionet.europa.eu/vocabulary/aq/pollutant/5,day,20.3750000000,µg/m3,2013-10-02 00:00:00 +01:00,2013-10-03 00:00:00 +01:00,1,1
AT,AT.0008.20.AQ,NET.09,STA.09.AKC,,SPO.09.AKC.55370.5.1,SPP.09.AKC.55370.5.1.5258,SAM.09.AKC.55370.5.1,PM10,http://dd.eionet.europa.eu/vocabulary/aq/pollutant/5,day,23.2780094100,µg/m3,2013-09-30 00:00:00 +01:00,2013-10-01 00:00:00 +01:00,1,1
AT,AT.0008.20.AQ,NET.09,STA.09.AKC,,SPO.09.AKC.55370.5.1,SPP.09.AKC.55370.5.1.5258,SAM.09.AKC.55370.5.1,PM10,http://dd.eionet.europa.eu/vocabulary/aq/pollutant/5,day,11.9440002400,µg/m3,2013-09-23 00:00:00 +01:00,2013-09-24 00:00:00 +01:00,1,1
AT,AT.0008.20.AQ,NET.09,STA.09.AKC,,SPO.09.AKC.55370.5.1,SPP.09.AKC.55370.5.1.5258,SAM.09.AKC.55370.5.1,PM10,http://dd.eionet.europa.eu/vocabulary/aq/pollutant/5,day,33.9339904700,µg/m3,2013-12-22 00:00:00 +01:00,2013-12-23 00:00:00 +01:00,1,1
AT,AT.0008.20.AQ,NET.09,STA.09.AKC,,SPO.09.AKC.55370.5.1,SPP.09.AKC.55370.5.1.5258,SAM.09.AKC.55370.5.1,PM10,http://dd.eionet.europa.eu/vocabulary/aq/pollutant/5,day,6.9519982300,µg/m3,2013-12-06 00:00:00 +01:00,2013-12-07 00:00:00 +01:00,1,1
AT,AT.0008.20.AQ,NET.09,STA.09.AKC,,SPO.09.AKC.55370.5.1,SPP.09.AKC.55370.5.1.5258,SAM.09.AKC.55370.5.1,PM10,http://dd.eionet.europa.eu/vocabulary/aq/pollutant/5,day,10.1029996800,µg/m3,2013-12-08 00:00:00 +01:00,2013-12-09 00:00:00 +01:00,1,1
AT,AT.0008.20.AQ,NET.09,STA.09.AKC,,SPO.09.AKC.55370.5.1,SPP.09.AKC.55370.5.1.5258,SAM.09.AKC.55370.5.1,PM10,http://dd.eionet.europa.eu/vocabulary/aq/pollutant/5,day,7.5100021300,µg/m3,2013-12-07 00:00:00 +01:00,2013-12-08 00:00:00 +01:00,1,1
AT,AT.0008.20.AQ,NET.09,STA.09.AKC,,SPO.09.AKC.55370.5.1,SPP.09.AKC.55370.5.1.5258,SAM.09.AKC.55370.5.1,PM10,http://dd.eionet.europa.eu/vocabulary/aq/pollutant/5,day,22.9030094100,µg/m3,2013-12-10 00:00:00 +01:00,2013-12-11 00:00:00 +01:00,1,1
AT,AT.0008.20.AQ,NET.09,STA.09.AKC,,SPO.09.AKC.55370.5.1,SPP.09.AKC.55370.5.1.5258,SAM.09.AKC.55370.5.1,PM10,http://dd.eionet.europa.eu/vocabulary/aq/pollutant/5,day,16.8829994200,µg/m3,2013-12-02 00:00:00 +01:00,2013-12-03 00:00:00 +01:00,1,1
AT,AT.0008.20.AQ,NET.09,STA.09.AKC,,SPO.09.AKC.55370.5.1,SPP.09.AKC.55370.5.1.5258,SAM.09.AKC.55370.5.1,PM10,http://dd.eionet.europa.eu/vocabulary/aq/pollutant/5,day,29.7500000000,µg/m3,2013-12-03 00:00:00 +01:00,2013-12-04 00:00:00 +01:00,1,1
AT,AT.0008.20.AQ,NET.09,STA.09.AKC,,SPO.09.AKC.55370.5.1,SPP.09.AKC.55370.5.1.5258,SAM.09.AKC.55370.5.1,PM10,http://dd.eionet.europa.eu/vocabulary/aq/pollutant/5,day,14.7329902600,µg/m3,2013-11-28 00:00:00 +01:00,2013-11-29 00:00:00 +01:00,1,1
AT,AT.0008.20.AQ,NET.09,STA.09.AKC,,SPO.09.AKC.55370.5.1,SPP.09.AKC.55370.5.1.5258,SAM.09.AKC.55370.5.1,PM10,http://dd.eionet.europa.eu/vocabulary/aq/pollutant/5,day,8.2470016400,µg/m3,2013-12-27 00:00:00 +01:00,2013-12-28 00:00:00 +01:00,1,1
AT,AT.0008.20.AQ,NET.09,STA.09.AKC,,SPO.09.AKC.55370.5.1,SPP.09.AKC.55370.5.1.5258,SAM.09.AKC.55370.5.1,PM10,http://dd.eionet.europa.eu/vocabulary/aq/pollutant/5,day,15.1370000800,µg/m3,2013-12-24 00:00:00 +01:00,2013-12-25 00:00:00 +01:00,1,1
